Plant,Score,Population,Area
Plant 3786-1,0.428571428571429,LA 3786,Northern
Plant 3786-1,0.333333333333333,LA 3786,Northern
Plant 3786-1,0.6,LA 3786,Northern
Plant 3786-1,0.823529411764706,LA 3786,Northern
Plant 3786-1,0.7,LA 3786,Northern
Plant 3786-1,0.307692307692308,LA 3786,Northern
Plant 3786-1,0.6,LA 3786,Northern
Plant 3786-1,0.625,LA 3786,Northern
Plant 3786-3,0.333333333333333,LA 3786,Northern
Plant 3786-3,0.777777777777778,LA 3786,Northern
Plant 3786-3,0.555555555555556,LA 3786,Northern
Plant 3786-3,0.666666666666667,LA 3786,Northern
Plant 3786-3,1,LA 3786,Northern
Plant 3786-3,0.666666666666667,LA 3786,Northern
Plant 3786-3,0.666666666666667,LA 3786,Northern
Plant 3786-3,0.909090909090909,LA 3786,Northern
Plant 3786-4,0.727272727272727,LA 3786,Northern
Plant 3786-4,0.555555555555556,LA 3786,Northern
Plant 3786-4,0.727272727272727,LA 3786,Northern
Plant 3786-4,0.666666666666667,LA 3786,Northern
Plant 3786-4,0.555555555555556,LA 3786,Northern
Plant 3786-4,0.727272727272727,LA 3786,Northern
Plant 3786-4,0.7,LA 3786,Northern
Plant 3786-4,0.666666666666667,LA 3786,Northern
Plant 3786-5,0.777777777777778,LA 3786,Northern
Plant 3786-5,1,LA 3786,Northern
Plant 3786-5,0.714285714285714,LA 3786,Northern
Plant 3786-5,0.777777777777778,LA 3786,Northern
Plant 3786-5,0.5,LA 3786,Northern
Plant 3786-5,0.777777777777778,LA 3786,Northern
Plant 3786-5,0.888888888888889,LA 3786,Northern
Plant 3786-5,0.666666666666667,LA 3786,Northern
Plant 3786-6,0.888888888888889,LA 3786,Northern
Plant 3786-6,0.888888888888889,LA 3786,Northern
Plant 3786-6,0.777777777777778,LA 3786,Northern
Plant 3786-6,0.818181818181818,LA 3786,Northern
Plant 3786-6,0.666666666666667,LA 3786,Northern
Plant 3786-6,0.666666666666667,LA 3786,Northern
Plant 3786-6,1,LA 3786,Northern
Plant 3786-6,1,LA 3786,Northern
Plant 3786-7,0,LA 3786,Northern
Plant 3786-7,0,LA 3786,Northern
Plant 3786-7,1,LA 3786,Northern
Plant 3786-7,0.916666666666667,LA 3786,Northern
Plant 3786-7,0,LA 3786,Northern
Plant 3786-7,0,LA 3786,Northern
Plant 3786-7,0.777777777777778,LA 3786,Northern
Plant 3786-7,0.888888888888889,LA 3786,Northern
Plant 3786-8,0,LA 3786,Northern
Plant 3786-8,0,LA 3786,Northern
Plant 3786-8,1,LA 3786,Northern
Plant 3786-8,1,LA 3786,Northern
Plant 3786-8,0,LA 3786,Northern
Plant 3786-8,0,LA 3786,Northern
Plant 3786-8,0.727272727272727,LA 3786,Northern
Plant 3786-8,1,LA 3786,Northern
Plant 3786-10,0,LA 3786,Northern
Plant 3786-10,0,LA 3786,Northern
Plant 3786-10,0.571428571428571,LA 3786,Northern
Plant 3786-10,0.8,LA 3786,Northern
Plant 3786-10,0,LA 3786,Northern
Plant 3786-10,0,LA 3786,Northern
Plant 3786-10,0.8,LA 3786,Northern
Plant 3786-10,0.75,LA 3786,Northern
Plant 3786-11,0,LA 3786,Northern
Plant 3786-11,0,LA 3786,Northern
Plant 3786-11,1,LA 3786,Northern
Plant 3786-11,1,LA 3786,Northern
Plant 3786-11,0,LA 3786,Northern
Plant 3786-11,0,LA 3786,Northern
Plant 3786-11,1,LA 3786,Northern
Plant 3786-11,0.9,LA 3786,Northern
Plant 3786-12,0.75,LA 3786,Northern
Plant 3786-12,1,LA 3786,Northern
Plant 3786-12,0.916666666666667,LA 3786,Northern
Plant 3786-12,0.1,LA 3786,Northern
Plant 3786-12,0.909090909090909,LA 3786,Northern
Plant 3786-12,0.727272727272727,LA 3786,Northern
Plant 3786-12,1,LA 3786,Northern
Plant 3786-12,0.8,LA 3786,Northern
Plant 3786-1,0.555555555555556,LA 3786,Northern
Plant 3786-1,0.333333333333333,LA 3786,Northern
Plant 3786-1,0.666666666666667,LA 3786,Northern
Plant 3786-1,0.888888888888889,LA 3786,Northern
Plant 3786-1,0.7,LA 3786,Northern
Plant 3786-1,0.555555555555556,LA 3786,Northern
Plant 3786-1,0.7,LA 3786,Northern
Plant 3786-1,0.8,LA 3786,Northern
Plant 3786-3,0.444444444444444,LA 3786,Northern
Plant 3786-3,0.222222222222222,LA 3786,Northern
Plant 3786-3,0.222222222222222,LA 3786,Northern
Plant 3786-3,0.333333333333333,LA 3786,Northern
Plant 3786-3,0.444444444444444,LA 3786,Northern
Plant 3786-3,0,LA 3786,Northern
Plant 3786-3,0.333333333333333,LA 3786,Northern
Plant 3786-3,0.222222222222222,LA 3786,Northern
Plant 3786-4,0.444444444444444,LA 3786,Northern
Plant 3786-4,0.454545454545455,LA 3786,Northern
Plant 3786-4,0.111111111111111,LA 3786,Northern
Plant 3786-4,0.444444444444444,LA 3786,Northern
Plant 3786-4,0.444444444444444,LA 3786,Northern
Plant 3786-4,0.666666666666667,LA 3786,Northern
Plant 3786-4,0.222222222222222,LA 3786,Northern
Plant 3786-4,0,LA 3786,Northern
Plant 3786-5,0.888888888888889,LA 3786,Northern
Plant 3786-5,1,LA 3786,Northern
Plant 3786-5,0.888888888888889,LA 3786,Northern
Plant 3786-5,0.555555555555556,LA 3786,Northern
Plant 3786-5,0.888888888888889,LA 3786,Northern
Plant 3786-5,0.714285714285714,LA 3786,Northern
Plant 3786-5,1,LA 3786,Northern
Plant 3786-5,0.777777777777778,LA 3786,Northern
Plant 3786-6,0.545454545454545,LA 3786,Northern
Plant 3786-6,1,LA 3786,Northern
Plant 3786-6,0.555555555555556,LA 3786,Northern
Plant 3786-6,0.571428571428571,LA 3786,Northern
Plant 3786-6,0.888888888888889,LA 3786,Northern
Plant 3786-6,0.444444444444444,LA 3786,Northern
Plant 3786-6,0.777777777777778,LA 3786,Northern
Plant 3786-6,0.555555555555556,LA 3786,Northern
Plant 3786-7,0.428571428571429,LA 3786,Northern
Plant 3786-7,0.666666666666667,LA 3786,Northern
Plant 3786-7,0.571428571428571,LA 3786,Northern
Plant 3786-7,0.571428571428571,LA 3786,Northern
Plant 3786-7,0.428571428571429,LA 3786,Northern
Plant 3786-7,0.428571428571429,LA 3786,Northern
Plant 3786-7,0.428571428571429,LA 3786,Northern
Plant 3786-7,0.6,LA 3786,Northern
Plant 3786-8,0.5,LA 3786,Northern
Plant 3786-8,0.833333333333333,LA 3786,Northern
Plant 3786-8,0.75,LA 3786,Northern
Plant 3786-8,0.857142857142857,LA 3786,Northern
Plant 3786-8,1,LA 3786,Northern
Plant 3786-8,0.857142857142857,LA 3786,Northern
Plant 3786-8,1,LA 3786,Northern
Plant 3786-8,0.75,LA 3786,Northern
Plant 3786-10,1,LA 3786,Northern
Plant 3786-10,1,LA 3786,Northern
Plant 3786-10,0.8,LA 3786,Northern
Plant 3786-10,0.8,LA 3786,Northern
Plant 3786-10,1,LA 3786,Northern
Plant 3786-10,0.7,LA 3786,Northern
Plant 3786-10,0.7,LA 3786,Northern
Plant 3786-10,0.8,LA 3786,Northern
Plant 3786-11,0.7,LA 3786,Northern
Plant 3786-11,0.5,LA 3786,Northern
Plant 3786-11,0.5,LA 3786,Northern
Plant 3786-11,0.714285714285714,LA 3786,Northern
Plant 3786-11,0.714285714285714,LA 3786,Northern
Plant 3786-11,0.857142857142857,LA 3786,Northern
Plant 3786-11,0.857142857142857,LA 3786,Northern
Plant 3786-11,0.857142857142857,LA 3786,Northern
Plant 3786-12,1,LA 3786,Northern
Plant 3786-12,1,LA 3786,Northern
Plant 3786-12,1,LA 3786,Northern
Plant 3786-12,1,LA 3786,Northern
Plant 3786-12,1,LA 3786,Northern
Plant 3786-12,1,LA 3786,Northern
Plant 3786-12,1,LA 3786,Northern
Plant 3786-12,1,LA 3786,Northern
Plant 3786-1,0.375,LA 3786,Northern
Plant 3786-1,0.5,LA 3786,Northern
Plant 3786-1,0.6,LA 3786,Northern
Plant 3786-1,0.375,LA 3786,Northern
Plant 3786-1,0.307692307692308,LA 3786,Northern
Plant 3786-1,0.5,LA 3786,Northern
Plant 3786-1,0.5,LA 3786,Northern
Plant 3786-1,0.5,LA 3786,Northern
Plant 3786-3,0.444444444444444,LA 3786,Northern
Plant 3786-3,0.8,LA 3786,Northern
Plant 3786-3,0,LA 3786,Northern
Plant 3786-3,0.5,LA 3786,Northern
Plant 3786-3,0.8,LA 3786,Northern
Plant 3786-3,0.625,LA 3786,Northern
Plant 3786-3,0.444444444444444,LA 3786,Northern
Plant 3786-3,0.444444444444444,LA 3786,Northern
Plant 3786-4,0.666666666666667,LA 3786,Northern
Plant 3786-4,0.777777777777778,LA 3786,Northern
Plant 3786-4,0.666666666666667,LA 3786,Northern
Plant 3786-4,1,LA 3786,Northern
Plant 3786-4,0.75,LA 3786,Northern
Plant 3786-4,0.444444444444444,LA 3786,Northern
Plant 3786-4,0.25,LA 3786,Northern
Plant 3786-4,0.375,LA 3786,Northern
Plant 3786-5,0.777777777777778,LA 3786,Northern
Plant 3786-5,0.555555555555556,LA 3786,Northern
Plant 3786-5,0.875,LA 3786,Northern
Plant 3786-5,0.555555555555556,LA 3786,Northern
Plant 3786-5,0.428571428571429,LA 3786,Northern
Plant 3786-5,0.714285714285714,LA 3786,Northern
Plant 3786-5,1,LA 3786,Northern
Plant 3786-5,0.666666666666667,LA 3786,Northern
Plant 3786-6,0.333333333333333,LA 3786,Northern
Plant 3786-6,0.888888888888889,LA 3786,Northern
Plant 3786-6,0.75,LA 3786,Northern
Plant 3786-6,1,LA 3786,Northern
Plant 3786-6,0.888888888888889,LA 3786,Northern
Plant 3786-6,0.444444444444444,LA 3786,Northern
Plant 3786-6,0.777777777777778,LA 3786,Northern
Plant 3786-6,0.555555555555556,LA 3786,Northern
Plant 3786-7,0.714285714285714,LA 3786,Northern
Plant 3786-7,0.857142857142857,LA 3786,Northern
Plant 3786-7,0.571428571428571,LA 3786,Northern
Plant 3786-7,0.857142857142857,LA 3786,Northern
Plant 3786-7,0.857142857142857,LA 3786,Northern
Plant 3786-7,0.6,LA 3786,Northern
Plant 3786-7,0.857142857142857,LA 3786,Northern
Plant 3786-7,0.714285714285714,LA 3786,Northern
Plant 3786-8,0.888888888888889,LA 3786,Northern
Plant 3786-8,0.888888888888889,LA 3786,Northern
Plant 3786-8,0.857142857142857,LA 3786,Northern
Plant 3786-8,0.888888888888889,LA 3786,Northern
Plant 3786-8,1,LA 3786,Northern
Plant 3786-8,0.888888888888889,LA 3786,Northern
Plant 3786-8,0.888888888888889,LA 3786,Northern
Plant 3786-8,0.8,LA 3786,Northern
Plant 3786-10,0.5,LA 3786,Northern
Plant 3786-10,0.777777777777778,LA 3786,Northern
Plant 3786-10,0.888888888888889,LA 3786,Northern
Plant 3786-10,0.636363636363636,LA 3786,Northern
Plant 3786-10,0.444444444444444,LA 3786,Northern
Plant 3786-10,0.444444444444444,LA 3786,Northern
Plant 3786-10,1,LA 3786,Northern
Plant 3786-10,0.714285714285714,LA 3786,Northern
Plant 3786-11,0.714285714285714,LA 3786,Northern
Plant 3786-11,0.875,LA 3786,Northern
Plant 3786-11,0.571428571428571,LA 3786,Northern
Plant 3786-11,0.571428571428571,LA 3786,Northern
Plant 3786-11,0.714285714285714,LA 3786,Northern
Plant 3786-11,0.714285714285714,LA 3786,Northern
Plant 3786-11,0.428571428571429,LA 3786,Northern
Plant 3786-11,0.714285714285714,LA 3786,Northern
Plant 3786-12,1,LA 3786,Northern
Plant 3786-12,0.888888888888889,LA 3786,Northern
Plant 3786-12,1,LA 3786,Northern
Plant 3786-12,1,LA 3786,Northern
Plant 3786-12,1,LA 3786,Northern
Plant 3786-12,1,LA 3786,Northern
Plant 3786-12,1,LA 3786,Northern
Plant 3786-12,1,LA 3786,Northern
Plant 1963-1,0.9,LA 1963,Central
Plant 1963-1,0.545454545454545,LA 1963,Central
Plant 1963-1,0.7,LA 1963,Central
Plant 1963-1,0.727272727272727,LA 1963,Central
Plant 1963-1,0.727272727272727,LA 1963,Central
Plant 1963-1,0.7,LA 1963,Central
Plant 1963-1,0.818181818181818,LA 1963,Central
Plant 1963-1,0.9,LA 1963,Central
Plant 1963-2,0.5,LA 1963,Central
Plant 1963-2,0.6,LA 1963,Central
Plant 1963-2,0.6,LA 1963,Central
Plant 1963-2,0.5,LA 1963,Central
Plant 1963-2,0.4,LA 1963,Central
Plant 1963-2,0.583333333333333,LA 1963,Central
Plant 1963-2,0.666666666666667,LA 1963,Central
Plant 1963-2,0.333333333333333,LA 1963,Central
Plant 1963-3,1,LA 1963,Central
Plant 1963-3,0.8,LA 1963,Central
Plant 1963-3,1,LA 1963,Central
Plant 1963-3,0.916666666666667,LA 1963,Central
Plant 1963-3,0.769230769230769,LA 1963,Central
Plant 1963-3,0.4,LA 1963,Central
Plant 1963-3,0.7,LA 1963,Central
Plant 1963-3,0.727272727272727,LA 1963,Central
Plant 1963-4,0.4,LA 1963,Central
Plant 1963-4,0.6,LA 1963,Central
Plant 1963-4,0.6,LA 1963,Central
Plant 1963-4,1,LA 1963,Central
Plant 1963-4,0.8,LA 1963,Central
Plant 1963-4,0.8,LA 1963,Central
Plant 1963-4,0.888888888888889,LA 1963,Central
Plant 1963-4,1,LA 1963,Central
Plant 1963-5,0.7,LA 1963,Central
Plant 1963-5,0.8,LA 1963,Central
Plant 1963-5,0.777777777777778,LA 1963,Central
Plant 1963-5,0.777777777777778,LA 1963,Central
Plant 1963-5,0.9,LA 1963,Central
Plant 1963-5,0.7,LA 1963,Central
Plant 1963-5,0.7,LA 1963,Central
Plant 1963-5,0.444444444444444,LA 1963,Central
Plant 1963-6,0.909090909090909,LA 1963,Central
Plant 1963-6,1,LA 1963,Central
Plant 1963-6,0.9,LA 1963,Central
Plant 1963-6,1,LA 1963,Central
Plant 1963-6,0.785714285714286,LA 1963,Central
Plant 1963-6,0.916666666666667,LA 1963,Central
Plant 1963-6,0.666666666666667,LA 1963,Central
Plant 1963-6,0.916666666666667,LA 1963,Central
Plant 1963-7,0.6,LA 1963,Central
Plant 1963-7,0.272727272727273,LA 1963,Central
Plant 1963-7,0.8,LA 1963,Central
Plant 1963-7,1,LA 1963,Central
Plant 1963-7,0.5,LA 1963,Central
Plant 1963-7,1,LA 1963,Central
Plant 1963-7,0.7,LA 1963,Central
Plant 1963-7,0.4,LA 1963,Central
Plant 1963-8,0.8,LA 1963,Central
Plant 1963-8,0.3,LA 1963,Central
Plant 1963-8,0.7,LA 1963,Central
Plant 1963-8,1,LA 1963,Central
Plant 1963-8,0.6,LA 1963,Central
Plant 1963-8,0.8,LA 1963,Central
Plant 1963-8,0.7,LA 1963,Central
Plant 1963-8,0.8,LA 1963,Central
Plant 1963-10,0.833333333333333,LA 1963,Central
Plant 1963-10,0.916666666666667,LA 1963,Central
Plant 1963-10,0.8,LA 1963,Central
Plant 1963-10,1,LA 1963,Central
Plant 1963-10,0.9,LA 1963,Central
Plant 1963-10,1,LA 1963,Central
Plant 1963-10,1,LA 1963,Central
Plant 1963-10,0.583333333333333,LA 1963,Central
Plant 1963-1,0.666666666666667,LA 1963,Central
Plant 1963-1,0.875,LA 1963,Central
Plant 1963-1,0.571428571428571,LA 1963,Central
Plant 1963-1,1,LA 1963,Central
Plant 1963-1,0.857142857142857,LA 1963,Central
Plant 1963-1,1,LA 1963,Central
Plant 1963-1,0.777777777777778,LA 1963,Central
Plant 1963-1,0.875,LA 1963,Central
Plant 1963-2,0.818181818181818,LA 1963,Central
Plant 1963-2,0.555555555555556,LA 1963,Central
Plant 1963-2,0.6,LA 1963,Central
Plant 1963-2,0.444444444444444,LA 1963,Central
Plant 1963-2,0.666666666666667,LA 1963,Central
Plant 1963-2,0.5,LA 1963,Central
Plant 1963-2,0.625,LA 1963,Central
Plant 1963-2,0.666666666666667,LA 1963,Central
Plant 1963-3,0.888888888888889,LA 1963,Central
Plant 1963-3,0.75,LA 1963,Central
Plant 1963-3,0.888888888888889,LA 1963,Central
Plant 1963-3,0.75,LA 1963,Central
Plant 1963-3,0.888888888888889,LA 1963,Central
Plant 1963-3,0.75,LA 1963,Central
Plant 1963-3,0.777777777777778,LA 1963,Central
Plant 1963-3,0.666666666666667,LA 1963,Central
Plant 1963-4,0.5,LA 1963,Central
Plant 1963-4,0.5,LA 1963,Central
Plant 1963-4,0.5,LA 1963,Central
Plant 1963-4,0.5,LA 1963,Central
Plant 1963-4,0.444444444444444,LA 1963,Central
Plant 1963-4,0.454545454545455,LA 1963,Central
Plant 1963-4,0.666666666666667,LA 1963,Central
Plant 1963-4,0.5,LA 1963,Central
Plant 1963-5,0.888888888888889,LA 1963,Central
Plant 1963-5,0.875,LA 1963,Central
Plant 1963-5,0.888888888888889,LA 1963,Central
Plant 1963-5,0.777777777777778,LA 1963,Central
Plant 1963-5,0.75,LA 1963,Central
Plant 1963-5,0.857142857142857,LA 1963,Central
Plant 1963-5,0.875,LA 1963,Central
Plant 1963-5,0.777777777777778,LA 1963,Central
Plant 1963-6,0.461538461538462,LA 1963,Central
Plant 1963-6,0.5,LA 1963,Central
Plant 1963-6,0.636363636363636,LA 1963,Central
Plant 1963-6,0.727272727272727,LA 1963,Central
Plant 1963-6,0.545454545454545,LA 1963,Central
Plant 1963-6,0.363636363636364,LA 1963,Central
Plant 1963-6,0.666666666666667,LA 1963,Central
Plant 1963-6,0.769230769230769,LA 1963,Central
Plant 1963-7,0.333333333333333,LA 1963,Central
Plant 1963-7,0.4,LA 1963,Central
Plant 1963-7,0.75,LA 1963,Central
Plant 1963-7,0.222222222222222,LA 1963,Central
Plant 1963-7,0.5,LA 1963,Central
Plant 1963-7,0.444444444444444,LA 1963,Central
Plant 1963-7,0.375,LA 1963,Central
Plant 1963-7,0.333333333333333,LA 1963,Central
Plant 1963-8,0.666666666666667,LA 1963,Central
Plant 1963-8,0.555555555555556,LA 1963,Central
Plant 1963-8,0.666666666666667,LA 1963,Central
Plant 1963-8,1,LA 1963,Central
Plant 1963-8,0.9,LA 1963,Central
Plant 1963-8,0.9,LA 1963,Central
Plant 1963-8,0.818181818181818,LA 1963,Central
Plant 1963-8,0.727272727272727,LA 1963,Central
Plant 1963-9,0.444444444444444,LA 1963,Central
Plant 1963-9,0.636363636363636,LA 1963,Central
Plant 1963-9,0.6,LA 1963,Central
Plant 1963-9,0.666666666666667,LA 1963,Central
Plant 1963-9,0.5,LA 1963,Central
Plant 1963-9,0.666666666666667,LA 1963,Central
Plant 1963-9,0.666666666666667,LA 1963,Central
Plant 1963-9,0.888888888888889,LA 1963,Central
Plant 1963-10,0.888888888888889,LA 1963,Central
Plant 1963-10,0.888888888888889,LA 1963,Central
Plant 1963-10,1,LA 1963,Central
Plant 1963-10,1,LA 1963,Central
Plant 1963-10,0.888888888888889,LA 1963,Central
Plant 1963-10,1,LA 1963,Central
Plant 1963-10,0.888888888888889,LA 1963,Central
Plant 1963-10,0.888888888888889,LA 1963,Central
Plant 1963-1,0.769230769230769,LA 1963,Central
Plant 1963-1,0.555555555555556,LA 1963,Central
Plant 1963-1,0.857142857142857,LA 1963,Central
Plant 1963-1,1,LA 1963,Central
Plant 1963-1,0.636363636363636,LA 1963,Central
Plant 1963-1,0.875,LA 1963,Central
Plant 1963-1,0.777777777777778,LA 1963,Central
Plant 1963-1,1,LA 1963,Central
Plant 1963-2,0.5,LA 1963,Central
Plant 1963-2,0.777777777777778,LA 1963,Central
Plant 1963-2,0.571428571428571,LA 1963,Central
Plant 1963-2,0.5,LA 1963,Central
Plant 1963-2,0.428571428571429,LA 1963,Central
Plant 1963-2,0,LA 1963,Central
Plant 1963-2,0.5,LA 1963,Central
Plant 1963-2,1,LA 1963,Central
Plant 1963-3,0.777777777777778,LA 1963,Central
Plant 1963-3,0.555555555555556,LA 1963,Central
Plant 1963-3,0.666666666666667,LA 1963,Central
Plant 1963-3,0.444444444444444,LA 1963,Central
Plant 1963-3,0.714285714285714,LA 1963,Central
Plant 1963-3,0.714285714285714,LA 1963,Central
Plant 1963-3,0.714285714285714,LA 1963,Central
Plant 1963-3,0.625,LA 1963,Central
Plant 1963-4,0.333333333333333,LA 1963,Central
Plant 1963-4,0.555555555555556,LA 1963,Central
Plant 1963-4,0.125,LA 1963,Central
Plant 1963-4,0.25,LA 1963,Central
Plant 1963-4,0.333333333333333,LA 1963,Central
Plant 1963-4,0.555555555555556,LA 1963,Central
Plant 1963-4,0.125,LA 1963,Central
Plant 1963-4,0.25,LA 1963,Central
Plant 1963-5,0.875,LA 1963,Central
Plant 1963-5,0.818181818181818,LA 1963,Central
Plant 1963-5,0.545454545454545,LA 1963,Central
Plant 1963-5,1,LA 1963,Central
Plant 1963-5,0.555555555555556,LA 1963,Central
Plant 1963-5,0.454545454545455,LA 1963,Central
Plant 1963-5,0.571428571428571,LA 1963,Central
Plant 1963-5,0.8,LA 1963,Central
Plant 1963-6,0.666666666666667,LA 1963,Central
Plant 1963-6,0.75,LA 1963,Central
Plant 1963-6,0.75,LA 1963,Central
Plant 1963-6,0.777777777777778,LA 1963,Central
Plant 1963-6,0.727272727272727,LA 1963,Central
Plant 1963-6,0.125,LA 1963,Central
Plant 1963-6,0.857142857142857,LA 1963,Central
Plant 1963-6,0.5,LA 1963,Central
Plant 1963-7,0.428571428571429,LA 1963,Central
Plant 1963-7,0.625,LA 1963,Central
Plant 1963-7,0.333333333333333,LA 1963,Central
Plant 1963-7,0.571428571428571,LA 1963,Central
Plant 1963-7,0.666666666666667,LA 1963,Central
Plant 1963-7,0.444444444444444,LA 1963,Central
Plant 1963-7,0.25,LA 1963,Central
Plant 1963-7,0.444444444444444,LA 1963,Central
Plant 1963-8,0.5,LA 1963,Central
Plant 1963-8,0.5,LA 1963,Central
Plant 1963-8,0.777777777777778,LA 1963,Central
Plant 1963-8,0.5,LA 1963,Central
Plant 1963-8,0.375,LA 1963,Central
Plant 1963-8,0.888888888888889,LA 1963,Central
Plant 1963-8,1,LA 1963,Central
Plant 1963-8,0.75,LA 1963,Central
Plant 1963-9,0.571428571428571,LA 1963,Central
Plant 1963-9,0.571428571428571,LA 1963,Central
Plant 1963-9,0.857142857142857,LA 1963,Central
Plant 1963-9,0.857142857142857,LA 1963,Central
Plant 1963-9,0.857142857142857,LA 1963,Central
Plant 1963-9,0.857142857142857,LA 1963,Central
Plant 1963-9,0.875,LA 1963,Central
Plant 1963-9,0.6,LA 1963,Central
Plant 1963-10,0.777777777777778,LA 1963,Central
Plant 1963-10,0.714285714285714,LA 1963,Central
Plant 1963-10,1,LA 1963,Central
Plant 1963-10,0.714285714285714,LA 1963,Central
Plant 1963-10,0.875,LA 1963,Central
Plant 1963-10,0.857142857142857,LA 1963,Central
Plant 1963-10,0.714285714285714,LA 1963,Central
Plant 1963-10,1,LA 1963,Central
Plant 1958-2,0.714285714285714,LA 1958,Central
Plant 1958-2,0.714285714285714,LA 1958,Central
Plant 1958-2,0.833333333333333,LA 1958,Central
Plant 1958-2,0.857142857142857,LA 1958,Central
Plant 1958-2,0.285714285714286,LA 1958,Central
Plant 1958-2,0.571428571428571,LA 1958,Central
Plant 1958-2,0.571428571428571,LA 1958,Central
Plant 1958-2,0.571428571428571,LA 1958,Central
Plant 1958-4,0.571428571428571,LA 1958,Central
Plant 1958-4,0.428571428571429,LA 1958,Central
Plant 1958-4,0.142857142857143,LA 1958,Central
Plant 1958-4,0.142857142857143,LA 1958,Central
Plant 1958-4,0.571428571428571,LA 1958,Central
Plant 1958-4,0.285714285714286,LA 1958,Central
Plant 1958-4,0.142857142857143,LA 1958,Central
Plant 1958-4,0.285714285714286,LA 1958,Central
Plant 1958-5,0.6,LA 1958,Central
Plant 1958-5,0.8,LA 1958,Central
Plant 1958-5,0.8,LA 1958,Central
Plant 1958-5,0.8,LA 1958,Central
Plant 1958-5,0.8,LA 1958,Central
Plant 1958-5,0.8,LA 1958,Central
Plant 1958-5,0.714285714285714,LA 1958,Central
Plant 1958-5,0.857142857142857,LA 1958,Central
Plant 1958-6,0.571428571428571,LA 1958,Central
Plant 1958-6,0.666666666666667,LA 1958,Central
Plant 1958-6,0.833333333333333,LA 1958,Central
Plant 1958-6,0.714285714285714,LA 1958,Central
Plant 1958-6,0.428571428571429,LA 1958,Central
Plant 1958-6,0.833333333333333,LA 1958,Central
Plant 1958-6,0.777777777777778,LA 1958,Central
Plant 1958-6,1,LA 1958,Central
Plant 1958-7,0.6,LA 1958,Central
Plant 1958-7,0.8,LA 1958,Central
Plant 1958-7,0.571428571428571,LA 1958,Central
Plant 1958-7,0.571428571428571,LA 1958,Central
Plant 1958-7,0.5,LA 1958,Central
Plant 1958-7,0.833333333333333,LA 1958,Central
Plant 1958-7,0.8,LA 1958,Central
Plant 1958-7,0.6,LA 1958,Central
Plant 1958-8,0.4,LA 1958,Central
Plant 1958-8,0.666666666666667,LA 1958,Central
Plant 1958-8,0.666666666666667,LA 1958,Central
Plant 1958-8,0.666666666666667,LA 1958,Central
Plant 1958-8,0.6,LA 1958,Central
Plant 1958-8,0.6,LA 1958,Central
Plant 1958-8,0.666666666666667,LA 1958,Central
Plant 1958-8,0.714285714285714,LA 1958,Central
Plant 1958-9,0.25,LA 1958,Central
Plant 1958-9,0.428571428571429,LA 1958,Central
Plant 1958-9,1,LA 1958,Central
Plant 1958-9,1,LA 1958,Central
Plant 1958-9,0.25,LA 1958,Central
Plant 1958-9,0.8,LA 1958,Central
Plant 1958-9,0.6,LA 1958,Central
Plant 1958-9,1,LA 1958,Central
Plant 1958-10,0.714285714285714,LA 1958,Central
Plant 1958-10,0.857142857142857,LA 1958,Central
Plant 1958-10,0.857142857142857,LA 1958,Central
Plant 1958-10,0.8,LA 1958,Central
Plant 1958-10,0.666666666666667,LA 1958,Central
Plant 1958-10,0.714285714285714,LA 1958,Central
Plant 1958-10,0.714285714285714,LA 1958,Central
Plant 1958-10,0.666666666666667,LA 1958,Central
Plant 1958-12,1,LA 1958,Central
Plant 1958-12,1,LA 1958,Central
Plant 1958-12,1,LA 1958,Central
Plant 1958-12,1,LA 1958,Central
Plant 1958-12,1,LA 1958,Central
Plant 1958-12,0.888888888888889,LA 1958,Central
Plant 1958-12,0.714285714285714,LA 1958,Central
Plant 1958-12,0.857142857142857,LA 1958,Central
Plant 1958-2,0.5,LA 1958,Central
Plant 1958-2,0.5,LA 1958,Central
Plant 1958-2,0.5,LA 1958,Central
Plant 1958-2,0.5,LA 1958,Central
Plant 1958-2,0.875,LA 1958,Central
Plant 1958-2,0.875,LA 1958,Central
Plant 1958-2,0.375,LA 1958,Central
Plant 1958-2,0.375,LA 1958,Central
Plant 1958-4,1,LA 1958,Central
Plant 1958-4,0.75,LA 1958,Central
Plant 1958-4,0.75,LA 1958,Central
Plant 1958-4,0.666666666666667,LA 1958,Central
Plant 1958-4,0.5,LA 1958,Central
Plant 1958-4,0.5,LA 1958,Central
Plant 1958-4,0.375,LA 1958,Central
Plant 1958-4,1,LA 1958,Central
Plant 1958-5,0.875,LA 1958,Central
Plant 1958-5,1,LA 1958,Central
Plant 1958-5,0.875,LA 1958,Central
Plant 1958-5,0.875,LA 1958,Central
Plant 1958-5,0.625,LA 1958,Central
Plant 1958-5,1,LA 1958,Central
Plant 1958-5,0.875,LA 1958,Central
Plant 1958-5,1,LA 1958,Central
Plant 1958-6,0.75,LA 1958,Central
Plant 1958-6,0.75,LA 1958,Central
Plant 1958-6,0.875,LA 1958,Central
Plant 1958-6,0.875,LA 1958,Central
Plant 1958-6,0.571428571428571,LA 1958,Central
Plant 1958-6,1,LA 1958,Central
Plant 1958-6,0.75,LA 1958,Central
Plant 1958-6,0.5,LA 1958,Central
Plant 1958-7,0.875,LA 1958,Central
Plant 1958-7,1,LA 1958,Central
Plant 1958-7,0.75,LA 1958,Central
Plant 1958-7,0.75,LA 1958,Central
Plant 1958-7,0.75,LA 1958,Central
Plant 1958-7,0.5,LA 1958,Central
Plant 1958-7,1,LA 1958,Central
Plant 1958-7,1,LA 1958,Central
Plant 1958-8,0.625,LA 1958,Central
Plant 1958-8,0.625,LA 1958,Central
Plant 1958-8,0.625,LA 1958,Central
Plant 1958-8,0.5,LA 1958,Central
Plant 1958-8,0.5,LA 1958,Central
Plant 1958-8,0.375,LA 1958,Central
Plant 1958-8,0.25,LA 1958,Central
Plant 1958-8,0.5,LA 1958,Central
Plant 1958-9,0,LA 1958,Central
Plant 1958-9,0.875,LA 1958,Central
Plant 1958-9,0.625,LA 1958,Central
Plant 1958-9,0.875,LA 1958,Central
Plant 1958-9,0.625,LA 1958,Central
Plant 1958-9,0.875,LA 1958,Central
Plant 1958-9,1,LA 1958,Central
Plant 1958-9,0.666666666666667,LA 1958,Central
Plant 1958-10,0.375,LA 1958,Central
Plant 1958-10,0.625,LA 1958,Central
Plant 1958-10,0.625,LA 1958,Central
Plant 1958-10,0.5,LA 1958,Central
Plant 1958-10,0.25,LA 1958,Central
Plant 1958-10,0.625,LA 1958,Central
Plant 1958-10,0.625,LA 1958,Central
Plant 1958-10,0.625,LA 1958,Central
Plant 1958-12,0.5,LA 1958,Central
Plant 1958-12,0.75,LA 1958,Central
Plant 1958-12,0.5,LA 1958,Central
Plant 1958-12,1,LA 1958,Central
Plant 1958-12,0.75,LA 1958,Central
Plant 1958-12,0.5,LA 1958,Central
Plant 1958-12,0.75,LA 1958,Central
Plant 1958-12,0.5,LA 1958,Central
Plant 1958-2,1,LA 1958,Central
Plant 1958-2,1,LA 1958,Central
Plant 1958-2,1,LA 1958,Central
Plant 1958-2,1,LA 1958,Central
Plant 1958-2,0.75,LA 1958,Central
Plant 1958-2,1,LA 1958,Central
Plant 1958-2,1,LA 1958,Central
Plant 1958-2,1,LA 1958,Central
Plant 1958-4,0.666666666666667,LA 1958,Central
Plant 1958-4,0.777777777777778,LA 1958,Central
Plant 1958-4,1,LA 1958,Central
Plant 1958-4,0.777777777777778,LA 1958,Central
Plant 1958-4,0.666666666666667,LA 1958,Central
Plant 1958-4,0.666666666666667,LA 1958,Central
Plant 1958-4,0.75,LA 1958,Central
Plant 1958-4,0.857142857142857,LA 1958,Central
Plant 1958-5,0.857142857142857,LA 1958,Central
Plant 1958-5,1,LA 1958,Central
Plant 1958-5,0.857142857142857,LA 1958,Central
Plant 1958-5,1,LA 1958,Central
Plant 1958-5,1,LA 1958,Central
Plant 1958-5,1,LA 1958,Central
Plant 1958-5,1,LA 1958,Central
Plant 1958-5,1,LA 1958,Central
Plant 1958-6,1,LA 1958,Central
Plant 1958-6,1,LA 1958,Central
Plant 1958-6,1,LA 1958,Central
Plant 1958-6,0.875,LA 1958,Central
Plant 1958-6,1,LA 1958,Central
Plant 1958-6,1,LA 1958,Central
Plant 1958-6,1,LA 1958,Central
Plant 1958-6,0.777777777777778,LA 1958,Central
Plant 1958-7,0.888888888888889,LA 1958,Central
Plant 1958-7,1,LA 1958,Central
Plant 1958-7,1,LA 1958,Central
Plant 1958-7,0.777777777777778,LA 1958,Central
Plant 1958-7,1,LA 1958,Central
Plant 1958-7,1,LA 1958,Central
Plant 1958-7,1,LA 1958,Central
Plant 1958-7,1,LA 1958,Central
Plant 1958-8,1,LA 1958,Central
Plant 1958-8,0.571428571428571,LA 1958,Central
Plant 1958-8,0.714285714285714,LA 1958,Central
Plant 1958-8,0.714285714285714,LA 1958,Central
Plant 1958-8,0.714285714285714,LA 1958,Central
Plant 1958-8,1,LA 1958,Central
Plant 1958-8,0.857142857142857,LA 1958,Central
Plant 1958-8,0.857142857142857,LA 1958,Central
Plant 1958-9,0.875,LA 1958,Central
Plant 1958-9,0.857142857142857,LA 1958,Central
Plant 1958-9,0.857142857142857,LA 1958,Central
Plant 1958-9,0.875,LA 1958,Central
Plant 1958-9,0.857142857142857,LA 1958,Central
Plant 1958-9,0.75,LA 1958,Central
Plant 1958-9,0.857142857142857,LA 1958,Central
Plant 1958-9,0.857142857142857,LA 1958,Central
Plant 1958-10,1,LA 1958,Central
Plant 1958-10,1,LA 1958,Central
Plant 1958-10,1,LA 1958,Central
Plant 1958-10,0.9,LA 1958,Central
Plant 1958-10,1,LA 1958,Central
Plant 1958-10,1,LA 1958,Central
Plant 1958-10,1,LA 1958,Central
Plant 1958-10,0.857142857142857,LA 1958,Central
Plant 1958-12,0.75,LA 1958,Central
Plant 1958-12,0.888888888888889,LA 1958,Central
Plant 1958-12,0.727272727272727,LA 1958,Central
Plant 1958-12,1,LA 1958,Central
Plant 1958-12,0.777777777777778,LA 1958,Central
Plant 1958-12,1,LA 1958,Central
Plant 1958-12,0.888888888888889,LA 1958,Central
Plant 1958-12,0.8,LA 1958,Central
LA 2747-1,0.5,LA 2747,Central
LA 2747-1,0.25,LA 2747,Central
LA 2747-1,0.25,LA 2747,Central
LA 2747-1,0.25,LA 2747,Central
LA 2747-1,0.25,LA 2747,Central
LA 2747-1,0.625,LA 2747,Central
LA 2747-1,1,LA 2747,Central
LA 2747-1,1,LA 2747,Central
LA 2747-2,0.857142857142857,LA 2747,Central
LA 2747-2,0.5,LA 2747,Central
LA 2747-2,0.5,LA 2747,Central
LA 2747-2,0.5,LA 2747,Central
LA 2747-2,0.5,LA 2747,Central
LA 2747-2,0.5,LA 2747,Central
LA 2747-2,0.625,LA 2747,Central
LA 2747-2,1,LA 2747,Central
LA 2747-4,0.8,LA 2747,Central
LA 2747-4,0.5,LA 2747,Central
LA 2747-4,0.833333333333333,LA 2747,Central
LA 2747-4,0.125,LA 2747,Central
LA 2747-4,0.5,LA 2747,Central
LA 2747-4,0.666666666666667,LA 2747,Central
LA 2747-4,0.5,LA 2747,Central
LA 2747-7,0.333333333333333,LA 2747,Central
LA 2747-7,0,LA 2747,Central
LA 2747-7,0.714285714285714,LA 2747,Central
LA 2747-7,0.777777777777778,LA 2747,Central
LA 2747-7,0.75,LA 2747,Central
LA 2747-7,0.714285714285714,LA 2747,Central
LA 2747-7,0.5,LA 2747,Central
LA 2747-7,0.333333333333333,LA 2747,Central
LA 2747-8,1,LA 2747,Central
LA 2747-8,0.5,LA 2747,Central
LA 2747-8,0.5,LA 2747,Central
LA 2747-8,0.555555555555556,LA 2747,Central
LA 2747-8,1,LA 2747,Central
LA 2747-8,0.75,LA 2747,Central
LA 2747-8,0.5,LA 2747,Central
LA 2747-8,0.5,LA 2747,Central
LA 2747-9,1,LA 2747,Central
LA 2747-9,1,LA 2747,Central
LA 2747-9,1,LA 2747,Central
LA 2747-9,0,LA 2747,Central
LA 2747-9,1,LA 2747,Central
LA 2747-9,1,LA 2747,Central
LA 2747-9,1,LA 2747,Central
LA 2747-9,0.5,LA 2747,Central
LA 2747-10,0.25,LA 2747,Central
LA 2747-10,0.625,LA 2747,Central
LA 2747-10,0.75,LA 2747,Central
LA 2747-10,0.5,LA 2747,Central
LA 2747-10,0.625,LA 2747,Central
LA 2747-10,0.625,LA 2747,Central
LA 2747-10,0.5,LA 2747,Central
LA 2747-10,0.875,LA 2747,Central
LA 2747-13,0.666666666666667,LA 2747,Central
LA 2747-13,0.833333333333333,LA 2747,Central
LA 2747-13,0.333333333333333,LA 2747,Central
LA 2747-13,0.5,LA 2747,Central
LA 2747-13,1,LA 2747,Central
LA 2747-13,1,LA 2747,Central
LA 2747-13,0.714285714285714,LA 2747,Central
LA 2747-13,0.857142857142857,LA 2747,Central
LA 2747-14,1,LA 2747,Central
LA 2747-14,0.75,LA 2747,Central
LA 2747-14,0.75,LA 2747,Central
LA 2747-14,0.75,LA 2747,Central
LA 2747-14,0.888888888888889,LA 2747,Central
LA 2747-14,0.25,LA 2747,Central
LA 2747-14,0.125,LA 2747,Central
LA 2747-14,0.5,LA 2747,Central
LA 2747-1,0.75,LA 2747,Central
LA 2747-1,0.875,LA 2747,Central
LA 2747-1,0.75,LA 2747,Central
LA 2747-1,0.714285714285714,LA 2747,Central
LA 2747-1,0.25,LA 2747,Central
LA 2747-1,0.625,LA 2747,Central
LA 2747-1,0.875,LA 2747,Central
LA 2747-1,0.625,LA 2747,Central
LA 2747-2,1,LA 2747,Central
LA 2747-2,1,LA 2747,Central
LA 2747-2,0.625,LA 2747,Central
LA 2747-2,0.75,LA 2747,Central
LA 2747-2,0.875,LA 2747,Central
LA 2747-2,1,LA 2747,Central
LA 2747-2,1,LA 2747,Central
LA 2747-2,0.625,LA 2747,Central
LA 2747-4,0.25,LA 2747,Central
LA 2747-4,1,LA 2747,Central
LA 2747-4,0.625,LA 2747,Central
LA 2747-4,0.75,LA 2747,Central
LA 2747-4,0.75,LA 2747,Central
LA 2747-4,0.875,LA 2747,Central
LA 2747-7,0.857142857142857,LA 2747,Central
LA 2747-7,1,LA 2747,Central
LA 2747-7,0.75,LA 2747,Central
LA 2747-7,1,LA 2747,Central
LA 2747-7,1,LA 2747,Central
LA 2747-7,1,LA 2747,Central
LA 2747-7,0.875,LA 2747,Central
LA 2747-7,0.625,LA 2747,Central
LA 2747-8,0.25,LA 2747,Central
LA 2747-8,0.25,LA 2747,Central
LA 2747-8,0.5,LA 2747,Central
LA 2747-8,0.5,LA 2747,Central
LA 2747-8,0.5,LA 2747,Central
LA 2747-8,0.75,LA 2747,Central
LA 2747-8,0.25,LA 2747,Central
LA 2747-8,0.75,LA 2747,Central
LA 2747-9,0.375,LA 2747,Central
LA 2747-9,0.75,LA 2747,Central
LA 2747-9,0,LA 2747,Central
LA 2747-9,0.5,LA 2747,Central
LA 2747-9,0.5,LA 2747,Central
LA 2747-9,0.375,LA 2747,Central
LA 2747-9,0.5,LA 2747,Central
LA 2747-9,0.625,LA 2747,Central
LA 2747-10,0.5,LA 2747,Central
LA 2747-10,0.75,LA 2747,Central
LA 2747-10,0.625,LA 2747,Central
LA 2747-10,0.875,LA 2747,Central
LA 2747-10,0.5,LA 2747,Central
LA 2747-10,0.75,LA 2747,Central
LA 2747-10,0.625,LA 2747,Central
LA 2747-10,0.75,LA 2747,Central
LA 2747-13,0.75,LA 2747,Central
LA 2747-13,0.75,LA 2747,Central
LA 2747-13,0.875,LA 2747,Central
LA 2747-13,0.75,LA 2747,Central
LA 2747-13,1,LA 2747,Central
LA 2747-13,0.75,LA 2747,Central
LA 2747-13,0.75,LA 2747,Central
LA 2747-13,0.25,LA 2747,Central
LA 2747-14,1,LA 2747,Central
LA 2747-14,1,LA 2747,Central
LA 2747-14,1,LA 2747,Central
LA 2747-14,1,LA 2747,Central
LA 2747-14,0.875,LA 2747,Central
LA 2747-14,0.5,LA 2747,Central
LA 2747-14,1,LA 2747,Central
LA 2747-14,0.75,LA 2747,Central
LA 2747-1,0.857142857142857,LA 2747,Central
LA 2747-1,1,LA 2747,Central
LA 2747-1,0.857142857142857,LA 2747,Central
LA 2747-1,0.75,LA 2747,Central
LA 2747-1,0.857142857142857,LA 2747,Central
LA 2747-1,1,LA 2747,Central
LA 2747-1,1,LA 2747,Central
LA 2747-1,0.875,LA 2747,Central
LA 2747-2,0.625,LA 2747,Central
LA 2747-2,0.777777777777778,LA 2747,Central
LA 2747-2,0.857142857142857,LA 2747,Central
LA 2747-2,0.857142857142857,LA 2747,Central
LA 2747-2,0.888888888888889,LA 2747,Central
LA 2747-2,0.8,LA 2747,Central
LA 2747-2,1,LA 2747,Central
LA 2747-2,1,LA 2747,Central
LA 2747-4,0.714285714285714,LA 2747,Central
LA 2747-4,0.888888888888889,LA 2747,Central
LA 2747-4,0.888888888888889,LA 2747,Central
LA 2747-4,0.666666666666667,LA 2747,Central
LA 2747-4,0.857142857142857,LA 2747,Central
LA 2747-4,0.75,LA 2747,Central
LA 2747-4,0.857142857142857,LA 2747,Central
LA 2747-4,1,LA 2747,Central
LA 2747-7,0.666666666666667,LA 2747,Central
LA 2747-7,1,LA 2747,Central
LA 2747-7,0.857142857142857,LA 2747,Central
LA 2747-7,0.666666666666667,LA 2747,Central
LA 2747-7,1,LA 2747,Central
LA 2747-7,0.777777777777778,LA 2747,Central
LA 2747-7,0.875,LA 2747,Central
LA 2747-7,1,LA 2747,Central
LA 2747-8,1,LA 2747,Central
LA 2747-8,0.8,LA 2747,Central
LA 2747-8,1,LA 2747,Central
LA 2747-8,1,LA 2747,Central
LA 2747-8,1,LA 2747,Central
LA 2747-8,1,LA 2747,Central
LA 2747-8,1,LA 2747,Central
LA 2747-8,1,LA 2747,Central
LA 2747-9,0.888888888888889,LA 2747,Central
LA 2747-9,0.888888888888889,LA 2747,Central
LA 2747-9,1,LA 2747,Central
LA 2747-9,1,LA 2747,Central
LA 2747-9,0.888888888888889,LA 2747,Central
LA 2747-9,1,LA 2747,Central
LA 2747-9,1,LA 2747,Central
LA 2747-9,1,LA 2747,Central
LA 2747-10,1,LA 2747,Central
LA 2747-10,1,LA 2747,Central
LA 2747-10,0.8,LA 2747,Central
LA 2747-10,0.8,LA 2747,Central
LA 2747-10,0.8,LA 2747,Central
LA 2747-10,0.8,LA 2747,Central
LA 2747-10,1,LA 2747,Central
LA 2747-10,1,LA 2747,Central
LA 2747-13,1,LA 2747,Central
LA 2747-13,1,LA 2747,Central
LA 2747-13,1,LA 2747,Central
LA 2747-13,1,LA 2747,Central
LA 2747-13,1,LA 2747,Central
LA 2747-13,1,LA 2747,Central
LA 2747-13,1,LA 2747,Central
LA 2747-13,1,LA 2747,Central
LA 2747-14,1,LA 2747,Central
LA 2747-14,0.8,LA 2747,Central
LA 2747-14,1,LA 2747,Central
LA 2747-14,0.8,LA 2747,Central
LA 2747-14,1,LA 2747,Central
LA 2747-14,1,LA 2747,Central
LA 2747-14,1,LA 2747,Central
LA 2747-14,1,LA 2747,Central
Plant 3111-2,0.5,LA 3111,Central
Plant 3111-2,1,LA 3111,Central
Plant 3111-2,0.5,LA 3111,Central
Plant 3111-2,0.785714285714286,LA 3111,Central
Plant 3111-2,0.727272727272727,LA 3111,Central
Plant 3111-2,0.916666666666667,LA 3111,Central
Plant 3111-2,0.833333333333333,LA 3111,Central
Plant 3111-2,0.571428571428571,LA 3111,Central
Plant 3111-3,0.833333333333333,LA 3111,Central
Plant 3111-3,0.5,LA 3111,Central
Plant 3111-3,0.5,LA 3111,Central
Plant 3111-3,1,LA 3111,Central
Plant 3111-3,0.625,LA 3111,Central
Plant 3111-3,0.333333333333333,LA 3111,Central
Plant 3111-3,0.25,LA 3111,Central
Plant 3111-3,0.571428571428571,LA 3111,Central
Plant 3111-5,0.727272727272727,LA 3111,Central
Plant 3111-5,0.857142857142857,LA 3111,Central
Plant 3111-5,1,LA 3111,Central
Plant 3111-5,0.818181818181818,LA 3111,Central
Plant 3111-5,0.75,LA 3111,Central
Plant 3111-5,0.833333333333333,LA 3111,Central
Plant 3111-5,1,LA 3111,Central
Plant 3111-5,0.7,LA 3111,Central
Plant 3111-7,0.4,LA 3111,Central
Plant 3111-7,0.833333333333333,LA 3111,Central
Plant 3111-7,1,LA 3111,Central
Plant 3111-7,1,LA 3111,Central
Plant 3111-7,0.9,LA 3111,Central
Plant 3111-7,0.3,LA 3111,Central
Plant 3111-7,0.909090909090909,LA 3111,Central
Plant 3111-7,0.7,LA 3111,Central
Plant 3111-10,0.833333333333333,LA 3111,Central
Plant 3111-10,0.909090909090909,LA 3111,Central
Plant 3111-10,0.916666666666667,LA 3111,Central
Plant 3111-10,1,LA 3111,Central
Plant 3111-10,0.909090909090909,LA 3111,Central
Plant 3111-10,0.571428571428571,LA 3111,Central
Plant 3111-10,1,LA 3111,Central
Plant 3111-10,1,LA 3111,Central
Plant 3111-11,0.5,LA 3111,Central
Plant 3111-11,0.4,LA 3111,Central
Plant 3111-11,0.5,LA 3111,Central
Plant 3111-11,0.333333333333333,LA 3111,Central
Plant 3111-11,0.5,LA 3111,Central
Plant 3111-11,0.636363636363636,LA 3111,Central
Plant 3111-11,0.4,LA 3111,Central
Plant 3111-11,0.25,LA 3111,Central
Plant 3111-12,0.3,LA 3111,Central
Plant 3111-12,0.583333333333333,LA 3111,Central
Plant 3111-12,0.3,LA 3111,Central
Plant 3111-12,0.5,LA 3111,Central
Plant 3111-12,0.214285714285714,LA 3111,Central
Plant 3111-12,0.4,LA 3111,Central
Plant 3111-12,0.3,LA 3111,Central
Plant 3111-12,0.545454545454545,LA 3111,Central
Plant 3111-13,0.5,LA 3111,Central
Plant 3111-13,0.5,LA 3111,Central
Plant 3111-13,0.7,LA 3111,Central
Plant 3111-13,0.6,LA 3111,Central
Plant 3111-13,0.5,LA 3111,Central
Plant 3111-13,0.545454545454545,LA 3111,Central
Plant 3111-13,0.777777777777778,LA 3111,Central
Plant 3111-13,1,LA 3111,Central
Plant 3111-14,0.272727272727273,LA 3111,Central
Plant 3111-14,0.166666666666667,LA 3111,Central
Plant 3111-14,0.666666666666667,LA 3111,Central
Plant 3111-14,0.555555555555556,LA 3111,Central
Plant 3111-14,0.6,LA 3111,Central
Plant 3111-14,0.416666666666667,LA 3111,Central
Plant 3111-14,0.363636363636364,LA 3111,Central
Plant 3111-14,0.125,LA 3111,Central
Plant 3111-2,0.555555555555556,LA 3111,Central
Plant 3111-2,0.714285714285714,LA 3111,Central
Plant 3111-2,0.714285714285714,LA 3111,Central
Plant 3111-2,1,LA 3111,Central
Plant 3111-2,0.571428571428571,LA 3111,Central
Plant 3111-2,0.5,LA 3111,Central
Plant 3111-2,0.857142857142857,LA 3111,Central
Plant 3111-2,0.571428571428571,LA 3111,Central
Plant 3111-3,0.714285714285714,LA 3111,Central
Plant 3111-3,1,LA 3111,Central
Plant 3111-3,1,LA 3111,Central
Plant 3111-3,0.857142857142857,LA 3111,Central
Plant 3111-3,0.857142857142857,LA 3111,Central
Plant 3111-3,0.857142857142857,LA 3111,Central
Plant 3111-3,0.857142857142857,LA 3111,Central
Plant 3111-3,1,LA 3111,Central
Plant 3111-5,1,LA 3111,Central
Plant 3111-5,0.714285714285714,LA 3111,Central
Plant 3111-5,0.714285714285714,LA 3111,Central
Plant 3111-5,0.714285714285714,LA 3111,Central
Plant 3111-5,0.714285714285714,LA 3111,Central
Plant 3111-5,0.714285714285714,LA 3111,Central
Plant 3111-5,0.857142857142857,LA 3111,Central
Plant 3111-5,1,LA 3111,Central
Plant 3111-7,0.555555555555556,LA 3111,Central
Plant 3111-7,0.666666666666667,LA 3111,Central
Plant 3111-7,1,LA 3111,Central
Plant 3111-7,0.857142857142857,LA 3111,Central
Plant 3111-7,0.555555555555556,LA 3111,Central
Plant 3111-7,0.75,LA 3111,Central
Plant 3111-7,0.857142857142857,LA 3111,Central
Plant 3111-7,0.625,LA 3111,Central
Plant 3111-10,0.444444444444444,LA 3111,Central
Plant 3111-10,0.555555555555556,LA 3111,Central
Plant 3111-10,0.625,LA 3111,Central
Plant 3111-10,0.555555555555556,LA 3111,Central
Plant 3111-10,0.555555555555556,LA 3111,Central
Plant 3111-10,0.444444444444444,LA 3111,Central
Plant 3111-10,0.7,LA 3111,Central
Plant 3111-10,0.875,LA 3111,Central
Plant 3111-11,0.142857142857143,LA 3111,Central
Plant 3111-11,0.1,LA 3111,Central
Plant 3111-11,0.142857142857143,LA 3111,Central
Plant 3111-11,0.5,LA 3111,Central
Plant 3111-11,0.5,LA 3111,Central
Plant 3111-11,0.444444444444444,LA 3111,Central
Plant 3111-11,0.285714285714286,LA 3111,Central
Plant 3111-11,0.5,LA 3111,Central
Plant 3111-12,0.625,LA 3111,Central
Plant 3111-12,0.375,LA 3111,Central
Plant 3111-12,0.625,LA 3111,Central
Plant 3111-12,0.375,LA 3111,Central
Plant 3111-12,0.4,LA 3111,Central
Plant 3111-12,0.545454545454545,LA 3111,Central
Plant 3111-12,0.5,LA 3111,Central
Plant 3111-12,1,LA 3111,Central
Plant 3111-13,0.428571428571429,LA 3111,Central
Plant 3111-13,0.571428571428571,LA 3111,Central
Plant 3111-13,0.428571428571429,LA 3111,Central
Plant 3111-13,1,LA 3111,Central
Plant 3111-13,0.444444444444444,LA 3111,Central
Plant 3111-13,0.571428571428571,LA 3111,Central
Plant 3111-13,0.444444444444444,LA 3111,Central
Plant 3111-13,0.571428571428571,LA 3111,Central
Plant 3111-14,0.7,LA 3111,Central
Plant 3111-14,1,LA 3111,Central
Plant 3111-14,0.7,LA 3111,Central
Plant 3111-14,0.8,LA 3111,Central
Plant 3111-14,0.7,LA 3111,Central
Plant 3111-14,0.9,LA 3111,Central
Plant 3111-14,0.8,LA 3111,Central
Plant 3111-14,0.8,LA 3111,Central
Plant 3111-2,0.625,LA 3111,Central
Plant 3111-2,0.857142857142857,LA 3111,Central
Plant 3111-2,0.555555555555556,LA 3111,Central
Plant 3111-2,0.714285714285714,LA 3111,Central
Plant 3111-2,0.571428571428571,LA 3111,Central
Plant 3111-2,0.666666666666667,LA 3111,Central
Plant 3111-2,0.444444444444444,LA 3111,Central
Plant 3111-2,1,LA 3111,Central
Plant 3111-3,0.777777777777778,LA 3111,Central
Plant 3111-3,0.571428571428571,LA 3111,Central
Plant 3111-3,0,LA 3111,Central
Plant 3111-3,0.571428571428571,LA 3111,Central
Plant 3111-3,1,LA 3111,Central
Plant 3111-3,0.714285714285714,LA 3111,Central
Plant 3111-3,0.625,LA 3111,Central
Plant 3111-3,0.714285714285714,LA 3111,Central
Plant 3111-5,0,LA 3111,Central
Plant 3111-5,0.25,LA 3111,Central
Plant 3111-5,0.666666666666667,LA 3111,Central
Plant 3111-5,0.666666666666667,LA 3111,Central
Plant 3111-5,0,LA 3111,Central
Plant 3111-5,0.25,LA 3111,Central
Plant 3111-5,0.888888888888889,LA 3111,Central
Plant 3111-5,0.888888888888889,LA 3111,Central
Plant 3111-7,1,LA 3111,Central
Plant 3111-7,1,LA 3111,Central
Plant 3111-7,0.555555555555556,LA 3111,Central
Plant 3111-7,0.625,LA 3111,Central
Plant 3111-7,0.555555555555556,LA 3111,Central
Plant 3111-7,0.625,LA 3111,Central
Plant 3111-7,0.7,LA 3111,Central
Plant 3111-7,0.545454545454545,LA 3111,Central
Plant 3111-10,0.8,LA 3111,Central
Plant 3111-10,0.8,LA 3111,Central
Plant 3111-10,0.8,LA 3111,Central
Plant 3111-10,0.8,LA 3111,Central
Plant 3111-10,0.8,LA 3111,Central
Plant 3111-10,0.3,LA 3111,Central
Plant 3111-10,0.8,LA 3111,Central
Plant 3111-10,0.25,LA 3111,Central
Plant 3111-11,0.333333333333333,LA 3111,Central
Plant 3111-11,0.75,LA 3111,Central
Plant 3111-11,0.5,LA 3111,Central
Plant 3111-11,1,LA 3111,Central
Plant 3111-11,0.6,LA 3111,Central
Plant 3111-11,0.25,LA 3111,Central
Plant 3111-11,0.25,LA 3111,Central
Plant 3111-11,0.444444444444444,LA 3111,Central
Plant 3111-12,0.545454545454545,LA 3111,Central
Plant 3111-12,0.444444444444444,LA 3111,Central
Plant 3111-12,0.545454545454545,LA 3111,Central
Plant 3111-12,0.6,LA 3111,Central
Plant 3111-12,0.625,LA 3111,Central
Plant 3111-12,0.4,LA 3111,Central
Plant 3111-12,0.375,LA 3111,Central
Plant 3111-12,0.666666666666667,LA 3111,Central
Plant 3111-13,0.888888888888889,LA 3111,Central
Plant 3111-13,0.666666666666667,LA 3111,Central
Plant 3111-13,0.857142857142857,LA 3111,Central
Plant 3111-13,1,LA 3111,Central
Plant 3111-13,0.666666666666667,LA 3111,Central
Plant 3111-13,0.142857142857143,LA 3111,Central
Plant 3111-13,0.8,LA 3111,Central
Plant 3111-13,1,LA 3111,Central
Plant 3111-14,0.25,LA 3111,Central
Plant 3111-14,1,LA 3111,Central
Plant 3111-14,0.125,LA 3111,Central
Plant 3111-14,0.625,LA 3111,Central
Plant 3111-14,0.5,LA 3111,Central
Plant 3111-14,0.428571428571429,LA 3111,Central
Plant 3111-14,1,LA 3111,Central
Plant 3111-14,1,LA 3111,Central
Plant 2932-1,0.545454545454545,LA 2932,Southern Coastal
Plant 2932-1,0.888888888888889,LA 2932,Southern Coastal
Plant 2932-1,0.538461538461538,LA 2932,Southern Coastal
Plant 2932-1,0.363636363636364,LA 2932,Southern Coastal
Plant 2932-1,0.7,LA 2932,Southern Coastal
Plant 2932-1,0.9,LA 2932,Southern Coastal
Plant 2932-1,0.888888888888889,LA 2932,Southern Coastal
Plant 2932-1,0.8,LA 2932,Southern Coastal
Plant 2932-3,1,LA 2932,Southern Coastal
Plant 2932-3,0.75,LA 2932,Southern Coastal
Plant 2932-3,1,LA 2932,Southern Coastal
Plant 2932-3,0.888888888888889,LA 2932,Southern Coastal
Plant 2932-3,0.75,LA 2932,Southern Coastal
Plant 2932-3,0.846153846153846,LA 2932,Southern Coastal
Plant 2932-3,1,LA 2932,Southern Coastal
Plant 2932-3,1,LA 2932,Southern Coastal
Plant 2932-8,0.888888888888889,LA 2932,Southern Coastal
Plant 2932-8,1,LA 2932,Southern Coastal
Plant 2932-8,1,LA 2932,Southern Coastal
Plant 2932-8,1,LA 2932,Southern Coastal
Plant 2932-8,0.5,LA 2932,Southern Coastal
Plant 2932-8,0.555555555555556,LA 2932,Southern Coastal
Plant 2932-8,0.375,LA 2932,Southern Coastal
Plant 2932-8,0.875,LA 2932,Southern Coastal
Plant 2932-12,0.5,LA 2932,Southern Coastal
Plant 2932-12,0.75,LA 2932,Southern Coastal
Plant 2932-12,1,LA 2932,Southern Coastal
Plant 2932-12,1,LA 2932,Southern Coastal
Plant 2932-12,0.444444444444444,LA 2932,Southern Coastal
Plant 2932-12,1,LA 2932,Southern Coastal
Plant 2932-12,0.9,LA 2932,Southern Coastal
Plant 2932-12,0.666666666666667,LA 2932,Southern Coastal
Plant 2932-20,0.25,LA 2932,Southern Coastal
Plant 2932-20,0.857142857142857,LA 2932,Southern Coastal
Plant 2932-20,0.8,LA 2932,Southern Coastal
Plant 2932-20,1,LA 2932,Southern Coastal
Plant 2932-20,0.777777777777778,LA 2932,Southern Coastal
Plant 2932-20,0.909090909090909,LA 2932,Southern Coastal
Plant 2932-20,1,LA 2932,Southern Coastal
Plant 2932-20,1,LA 2932,Southern Coastal
Plant 2932-21,0.75,LA 2932,Southern Coastal
Plant 2932-21,0.6,LA 2932,Southern Coastal
Plant 2932-21,1,LA 2932,Southern Coastal
Plant 2932-21,1,LA 2932,Southern Coastal
Plant 2932-21,0.666666666666667,LA 2932,Southern Coastal
Plant 2932-21,0.888888888888889,LA 2932,Southern Coastal
Plant 2932-21,0.428571428571429,LA 2932,Southern Coastal
Plant 2932-21,0.666666666666667,LA 2932,Southern Coastal
Plant 2932-22,0.833333333333333,LA 2932,Southern Coastal
Plant 2932-22,1,LA 2932,Southern Coastal
Plant 2932-22,0.6,LA 2932,Southern Coastal
Plant 2932-22,0.666666666666667,LA 2932,Southern Coastal
Plant 2932-22,0.9,LA 2932,Southern Coastal
Plant 2932-22,0.916666666666667,LA 2932,Southern Coastal
Plant 2932-22,0.8,LA 2932,Southern Coastal
Plant 2932-22,0.7,LA 2932,Southern Coastal
Plant 2932-25,0.7,LA 2932,Southern Coastal
Plant 2932-25,1,LA 2932,Southern Coastal
Plant 2932-25,0.7,LA 2932,Southern Coastal
Plant 2932-25,1,LA 2932,Southern Coastal
Plant 2932-25,0.9,LA 2932,Southern Coastal
Plant 2932-25,1,LA 2932,Southern Coastal
Plant 2932-25,1,LA 2932,Southern Coastal
Plant 2932-25,1,LA 2932,Southern Coastal
Plant 2932-30,0.7,LA 2932,Southern Coastal
Plant 2932-30,1,LA 2932,Southern Coastal
Plant 2932-30,0.909090909090909,LA 2932,Southern Coastal
Plant 2932-30,0.916666666666667,LA 2932,Southern Coastal
Plant 2932-30,0.583333333333333,LA 2932,Southern Coastal
Plant 2932-30,0.9,LA 2932,Southern Coastal
Plant 2932-30,1,LA 2932,Southern Coastal
Plant 2932-30,1,LA 2932,Southern Coastal
Plant 2932-32,0.8,LA 2932,Southern Coastal
Plant 2932-32,0.833333333333333,LA 2932,Southern Coastal
Plant 2932-32,0.8,LA 2932,Southern Coastal
Plant 2932-32,1,LA 2932,Southern Coastal
Plant 2932-32,1,LA 2932,Southern Coastal
Plant 2932-32,1,LA 2932,Southern Coastal
Plant 2932-32,1,LA 2932,Southern Coastal
Plant 2932-32,1,LA 2932,Southern Coastal
Plant 2932-1,0.666666666666667,LA 2932,Southern Coastal
Plant 2932-1,0.888888888888889,LA 2932,Southern Coastal
Plant 2932-1,0.285714285714286,LA 2932,Southern Coastal
Plant 2932-1,0.857142857142857,LA 2932,Southern Coastal
Plant 2932-1,0.888888888888889,LA 2932,Southern Coastal
Plant 2932-1,0.777777777777778,LA 2932,Southern Coastal
Plant 2932-1,0.571428571428571,LA 2932,Southern Coastal
Plant 2932-1,0.285714285714286,LA 2932,Southern Coastal
Plant 2932-3,0.727272727272727,LA 2932,Southern Coastal
Plant 2932-3,0.571428571428571,LA 2932,Southern Coastal
Plant 2932-3,0.875,LA 2932,Southern Coastal
Plant 2932-3,0.625,LA 2932,Southern Coastal
Plant 2932-3,0.875,LA 2932,Southern Coastal
Plant 2932-3,0.625,LA 2932,Southern Coastal
Plant 2932-3,0.875,LA 2932,Southern Coastal
Plant 2932-3,0.777777777777778,LA 2932,Southern Coastal
Plant 2932-8,0.555555555555556,LA 2932,Southern Coastal
Plant 2932-8,0.428571428571429,LA 2932,Southern Coastal
Plant 2932-8,0.75,LA 2932,Southern Coastal
Plant 2932-8,0.888888888888889,LA 2932,Southern Coastal
Plant 2932-8,0.333333333333333,LA 2932,Southern Coastal
Plant 2932-8,0.333333333333333,LA 2932,Southern Coastal
Plant 2932-8,0.375,LA 2932,Southern Coastal
Plant 2932-8,0.857142857142857,LA 2932,Southern Coastal
Plant 2932-12,0.888888888888889,LA 2932,Southern Coastal
Plant 2932-12,0.666666666666667,LA 2932,Southern Coastal
Plant 2932-12,0.571428571428571,LA 2932,Southern Coastal
Plant 2932-12,0.857142857142857,LA 2932,Southern Coastal
Plant 2932-12,0.857142857142857,LA 2932,Southern Coastal
Plant 2932-12,0.428571428571429,LA 2932,Southern Coastal
Plant 2932-12,1,LA 2932,Southern Coastal
Plant 2932-12,0.777777777777778,LA 2932,Southern Coastal
Plant 2932-20,0.555555555555556,LA 2932,Southern Coastal
Plant 2932-20,0.555555555555556,LA 2932,Southern Coastal
Plant 2932-20,0.555555555555556,LA 2932,Southern Coastal
Plant 2932-20,0.8,LA 2932,Southern Coastal
Plant 2932-20,0.625,LA 2932,Southern Coastal
Plant 2932-20,0.666666666666667,LA 2932,Southern Coastal
Plant 2932-20,0.888888888888889,LA 2932,Southern Coastal
Plant 2932-20,0.363636363636364,LA 2932,Southern Coastal
Plant 2932-21,0.727272727272727,LA 2932,Southern Coastal
Plant 2932-21,0.714285714285714,LA 2932,Southern Coastal
Plant 2932-21,1,LA 2932,Southern Coastal
Plant 2932-21,0.25,LA 2932,Southern Coastal
Plant 2932-21,0.625,LA 2932,Southern Coastal
Plant 2932-21,0.777777777777778,LA 2932,Southern Coastal
Plant 2932-21,0.125,LA 2932,Southern Coastal
Plant 2932-21,0.125,LA 2932,Southern Coastal
Plant 2932-22,0.8,LA 2932,Southern Coastal
Plant 2932-22,0.8,LA 2932,Southern Coastal
Plant 2932-22,0.818181818181818,LA 2932,Southern Coastal
Plant 2932-22,0.444444444444444,LA 2932,Southern Coastal
Plant 2932-22,0.8,LA 2932,Southern Coastal
Plant 2932-22,0.5,LA 2932,Southern Coastal
Plant 2932-22,0.666666666666667,LA 2932,Southern Coastal
Plant 2932-22,0.6,LA 2932,Southern Coastal
Plant 2932-25,0.777777777777778,LA 2932,Southern Coastal
Plant 2932-25,0.777777777777778,LA 2932,Southern Coastal
Plant 2932-25,1,LA 2932,Southern Coastal
Plant 2932-25,0.777777777777778,LA 2932,Southern Coastal
Plant 2932-25,0.777777777777778,LA 2932,Southern Coastal
Plant 2932-25,0.625,LA 2932,Southern Coastal
Plant 2932-25,0.777777777777778,LA 2932,Southern Coastal
Plant 2932-25,0.777777777777778,LA 2932,Southern Coastal
Plant 2932-30,1,LA 2932,Southern Coastal
Plant 2932-30,0.777777777777778,LA 2932,Southern Coastal
Plant 2932-30,0.818181818181818,LA 2932,Southern Coastal
Plant 2932-30,0.777777777777778,LA 2932,Southern Coastal
Plant 2932-30,0.9,LA 2932,Southern Coastal
Plant 2932-30,0.8,LA 2932,Southern Coastal
Plant 2932-30,0.8,LA 2932,Southern Coastal
Plant 2932-30,0.888888888888889,LA 2932,Southern Coastal
Plant 2932-32,0.625,LA 2932,Southern Coastal
Plant 2932-32,0.555555555555556,LA 2932,Southern Coastal
Plant 2932-32,0.777777777777778,LA 2932,Southern Coastal
Plant 2932-32,0.555555555555556,LA 2932,Southern Coastal
Plant 2932-32,0.875,LA 2932,Southern Coastal
Plant 2932-32,0.777777777777778,LA 2932,Southern Coastal
Plant 2932-32,0.555555555555556,LA 2932,Southern Coastal
Plant 2932-32,0.857142857142857,LA 2932,Southern Coastal
Plant 2932-1,1,LA 2932,Southern Coastal
Plant 2932-1,0.666666666666667,LA 2932,Southern Coastal
Plant 2932-1,0.666666666666667,LA 2932,Southern Coastal
Plant 2932-1,0.555555555555556,LA 2932,Southern Coastal
Plant 2932-1,0.166666666666667,LA 2932,Southern Coastal
Plant 2932-1,0,LA 2932,Southern Coastal
Plant 2932-1,0.6,LA 2932,Southern Coastal
Plant 2932-1,0,LA 2932,Southern Coastal
Plant 2932-3,0.75,LA 2932,Southern Coastal
Plant 2932-3,0.75,LA 2932,Southern Coastal
Plant 2932-3,0.5,LA 2932,Southern Coastal
Plant 2932-3,0.857142857142857,LA 2932,Southern Coastal
Plant 2932-3,0.875,LA 2932,Southern Coastal
Plant 2932-3,0.727272727272727,LA 2932,Southern Coastal
Plant 2932-3,0.833333333333333,LA 2932,Southern Coastal
Plant 2932-3,0.666666666666667,LA 2932,Southern Coastal
Plant 2932-8,0.428571428571429,LA 2932,Southern Coastal
Plant 2932-8,0.666666666666667,LA 2932,Southern Coastal
Plant 2932-8,0.777777777777778,LA 2932,Southern Coastal
Plant 2932-8,0.555555555555556,LA 2932,Southern Coastal
Plant 2932-8,0.625,LA 2932,Southern Coastal
Plant 2932-8,0.375,LA 2932,Southern Coastal
Plant 2932-8,0.125,LA 2932,Southern Coastal
Plant 2932-8,0.5,LA 2932,Southern Coastal
Plant 2932-12,0.555555555555556,LA 2932,Southern Coastal
Plant 2932-12,0.777777777777778,LA 2932,Southern Coastal
Plant 2932-12,0.714285714285714,LA 2932,Southern Coastal
Plant 2932-12,0.714285714285714,LA 2932,Southern Coastal
Plant 2932-12,0.875,LA 2932,Southern Coastal
Plant 2932-12,0.714285714285714,LA 2932,Southern Coastal
Plant 2932-12,0.857142857142857,LA 2932,Southern Coastal
Plant 2932-12,0.857142857142857,LA 2932,Southern Coastal
Plant 2932-20,1,LA 2932,Southern Coastal
Plant 2932-20,0.666666666666667,LA 2932,Southern Coastal
Plant 2932-20,0.666666666666667,LA 2932,Southern Coastal
Plant 2932-20,0.625,LA 2932,Southern Coastal
Plant 2932-20,0.857142857142857,LA 2932,Southern Coastal
Plant 2932-20,0.666666666666667,LA 2932,Southern Coastal
Plant 2932-20,0.75,LA 2932,Southern Coastal
Plant 2932-20,0.5,LA 2932,Southern Coastal
Plant 2932-21,0.857142857142857,LA 2932,Southern Coastal
Plant 2932-21,0.555555555555556,LA 2932,Southern Coastal
Plant 2932-21,1,LA 2932,Southern Coastal
Plant 2932-21,0.555555555555556,LA 2932,Southern Coastal
Plant 2932-21,1,LA 2932,Southern Coastal
Plant 2932-21,0.777777777777778,LA 2932,Southern Coastal
Plant 2932-21,1,LA 2932,Southern Coastal
Plant 2932-21,1,LA 2932,Southern Coastal
Plant 2932-22,0.636363636363636,LA 2932,Southern Coastal
Plant 2932-22,0.818181818181818,LA 2932,Southern Coastal
Plant 2932-22,0.666666666666667,LA 2932,Southern Coastal
Plant 2932-22,0.666666666666667,LA 2932,Southern Coastal
Plant 2932-22,1,LA 2932,Southern Coastal
Plant 2932-22,0.875,LA 2932,Southern Coastal
Plant 2932-22,0.666666666666667,LA 2932,Southern Coastal
Plant 2932-22,0.666666666666667,LA 2932,Southern Coastal
Plant 2932-25,0.777777777777778,LA 2932,Southern Coastal
Plant 2932-25,0.75,LA 2932,Southern Coastal
Plant 2932-25,0.857142857142857,LA 2932,Southern Coastal
Plant 2932-25,0.888888888888889,LA 2932,Southern Coastal
Plant 2932-25,0.714285714285714,LA 2932,Southern Coastal
Plant 2932-25,0.75,LA 2932,Southern Coastal
Plant 2932-25,0.857142857142857,LA 2932,Southern Coastal
Plant 2932-25,1,LA 2932,Southern Coastal
Plant 2932-30,0.888888888888889,LA 2932,Southern Coastal
Plant 2932-30,0.857142857142857,LA 2932,Southern Coastal
Plant 2932-30,0.857142857142857,LA 2932,Southern Coastal
Plant 2932-30,1,LA 2932,Southern Coastal
Plant 2932-30,1,LA 2932,Southern Coastal
Plant 2932-30,1,LA 2932,Southern Coastal
Plant 2932-30,0.857142857142857,LA 2932,Southern Coastal
Plant 2932-30,0.857142857142857,LA 2932,Southern Coastal
Plant 2932-32,0.75,LA 2932,Southern Coastal
Plant 2932-32,0.857142857142857,LA 2932,Southern Coastal
Plant 2932-32,1,LA 2932,Southern Coastal
Plant 2932-32,1,LA 2932,Southern Coastal
Plant 2932-32,0.777777777777778,LA 2932,Southern Coastal
Plant 2932-32,0.714285714285714,LA 2932,Southern Coastal
Plant 2932-32,0.777777777777778,LA 2932,Southern Coastal
Plant 2932-32,1,LA 2932,Southern Coastal
LA 4107-2,0.375,LA 4107,Southern Coastal
LA 4107-2,0,LA 4107,Southern Coastal
LA 4107-2,0.25,LA 4107,Southern Coastal
LA 4107-2,0,LA 4107,Southern Coastal
LA 4107-2,0.25,LA 4107,Southern Coastal
LA 4107-2,0.125,LA 4107,Southern Coastal
LA 4107-2,0.25,LA 4107,Southern Coastal
LA 4107-2,0.25,LA 4107,Southern Coastal
LA 4107-3,0.75,LA 4107,Southern Coastal
LA 4107-3,0.285714285714286,LA 4107,Southern Coastal
LA 4107-3,0.625,LA 4107,Southern Coastal
LA 4107-3,1,LA 4107,Southern Coastal
LA 4107-3,1,LA 4107,Southern Coastal
LA 4107-3,0.857142857142857,LA 4107,Southern Coastal
LA 4107-3,0.5,LA 4107,Southern Coastal
LA 4107-3,0.6,LA 4107,Southern Coastal
LA 4107-5,1,LA 4107,Southern Coastal
LA 4107-5,0.5,LA 4107,Southern Coastal
LA 4107-5,1,LA 4107,Southern Coastal
LA 4107-5,0.5,LA 4107,Southern Coastal
LA 4107-5,1,LA 4107,Southern Coastal
LA 4107-5,1,LA 4107,Southern Coastal
LA 4107-5,1,LA 4107,Southern Coastal
LA 4107-6,0.4,LA 4107,Southern Coastal
LA 4107-6,1,LA 4107,Southern Coastal
LA 4107-6,1,LA 4107,Southern Coastal
LA 4107-6,0.6,LA 4107,Southern Coastal
LA 4107-6,0.6,LA 4107,Southern Coastal
LA 4107-6,0.6,LA 4107,Southern Coastal
LA 4107-6,0.8,LA 4107,Southern Coastal
LA 4107-6,0.4,LA 4107,Southern Coastal
LA 4107-7,0.5,LA 4107,Southern Coastal
LA 4107-7,0.6,LA 4107,Southern Coastal
LA 4107-7,0.285714285714286,LA 4107,Southern Coastal
LA 4107-7,0.333333333333333,LA 4107,Southern Coastal
LA 4107-7,0.166666666666667,LA 4107,Southern Coastal
LA 4107-7,1,LA 4107,Southern Coastal
LA 4107-7,1,LA 4107,Southern Coastal
LA 4107-7,0.571428571428571,LA 4107,Southern Coastal
LA 4107-8,0.571428571428571,LA 4107,Southern Coastal
LA 4107-8,0.571428571428571,LA 4107,Southern Coastal
LA 4107-8,0.571428571428571,LA 4107,Southern Coastal
LA 4107-8,0.5,LA 4107,Southern Coastal
LA 4107-8,0.333333333333333,LA 4107,Southern Coastal
LA 4107-8,0.333333333333333,LA 4107,Southern Coastal
LA 4107-8,0.714285714285714,LA 4107,Southern Coastal
LA 4107-8,0.5,LA 4107,Southern Coastal
LA 4107-10,0,LA 4107,Southern Coastal
LA 4107-10,0.333333333333333,LA 4107,Southern Coastal
LA 4107-10,0.5,LA 4107,Southern Coastal
LA 4107-10,0,LA 4107,Southern Coastal
LA 4107-10,0,LA 4107,Southern Coastal
LA 4107-10,0,LA 4107,Southern Coastal
LA 4107-10,0.25,LA 4107,Southern Coastal
LA 4107-10,0.25,LA 4107,Southern Coastal
LA 4107-11,1,LA 4107,Southern Coastal
LA 4107-11,1,LA 4107,Southern Coastal
LA 4107-11,0.333333333333333,LA 4107,Southern Coastal
LA 4107-11,0.5,LA 4107,Southern Coastal
LA 4107-11,0,LA 4107,Southern Coastal
LA 4107-11,0,LA 4107,Southern Coastal
LA 4107-11,0.666666666666667,LA 4107,Southern Coastal
LA 4107-11,0.571428571428571,LA 4107,Southern Coastal
LA 4107-12,1,LA 4107,Southern Coastal
LA 4107-12,1,LA 4107,Southern Coastal
LA 4107-12,1,LA 4107,Southern Coastal
LA 4107-12,0,LA 4107,Southern Coastal
LA 4107-12,0,LA 4107,Southern Coastal
LA 4107-12,1,LA 4107,Southern Coastal
LA 4107-12,0.75,LA 4107,Southern Coastal
LA 4107-12,0.285714285714286,LA 4107,Southern Coastal
LA 4107-2,0.625,LA 4107,Southern Coastal
LA 4107-2,0.125,LA 4107,Southern Coastal
LA 4107-2,0.375,LA 4107,Southern Coastal
LA 4107-2,0.5,LA 4107,Southern Coastal
LA 4107-2,0.375,LA 4107,Southern Coastal
LA 4107-2,0.5,LA 4107,Southern Coastal
LA 4107-2,0.375,LA 4107,Southern Coastal
LA 4107-2,0.375,LA 4107,Southern Coastal
LA 4107-3,0.75,LA 4107,Southern Coastal
LA 4107-3,0.75,LA 4107,Southern Coastal
LA 4107-3,0.75,LA 4107,Southern Coastal
LA 4107-3,0.75,LA 4107,Southern Coastal
LA 4107-3,0.5,LA 4107,Southern Coastal
LA 4107-3,0.5,LA 4107,Southern Coastal
LA 4107-3,0.75,LA 4107,Southern Coastal
LA 4107-3,0.75,LA 4107,Southern Coastal
LA 4107-5,0.25,LA 4107,Southern Coastal
LA 4107-5,0,LA 4107,Southern Coastal
LA 4107-5,0.25,LA 4107,Southern Coastal
LA 4107-5,0.25,LA 4107,Southern Coastal
LA 4107-5,0,LA 4107,Southern Coastal
LA 4107-5,0.125,LA 4107,Southern Coastal
LA 4107-5,0.5,LA 4107,Southern Coastal
LA 4107-5,0,LA 4107,Southern Coastal
LA 4107-6,0.125,LA 4107,Southern Coastal
LA 4107-6,0.125,LA 4107,Southern Coastal
LA 4107-6,0.125,LA 4107,Southern Coastal
LA 4107-6,0.125,LA 4107,Southern Coastal
LA 4107-6,0.25,LA 4107,Southern Coastal
LA 4107-6,0.375,LA 4107,Southern Coastal
LA 4107-6,0.375,LA 4107,Southern Coastal
LA 4107-6,0.25,LA 4107,Southern Coastal
LA 4107-7,0.5,LA 4107,Southern Coastal
LA 4107-7,0.75,LA 4107,Southern Coastal
LA 4107-7,0.75,LA 4107,Southern Coastal
LA 4107-7,0.625,LA 4107,Southern Coastal
LA 4107-7,0.375,LA 4107,Southern Coastal
LA 4107-7,0.5,LA 4107,Southern Coastal
LA 4107-7,0.75,LA 4107,Southern Coastal
LA 4107-7,0.5,LA 4107,Southern Coastal
LA 4107-8,0.625,LA 4107,Southern Coastal
LA 4107-8,0.75,LA 4107,Southern Coastal
LA 4107-8,0.125,LA 4107,Southern Coastal
LA 4107-8,0.625,LA 4107,Southern Coastal
LA 4107-8,0.625,LA 4107,Southern Coastal
LA 4107-8,0.625,LA 4107,Southern Coastal
LA 4107-8,0.5,LA 4107,Southern Coastal
LA 4107-8,0.625,LA 4107,Southern Coastal
LA 4107-10,0.125,LA 4107,Southern Coastal
LA 4107-10,0.125,LA 4107,Southern Coastal
LA 4107-10,0.375,LA 4107,Southern Coastal
LA 4107-10,0.375,LA 4107,Southern Coastal
LA 4107-10,0.125,LA 4107,Southern Coastal
LA 4107-10,0.125,LA 4107,Southern Coastal
LA 4107-10,0.125,LA 4107,Southern Coastal
LA 4107-10,0.375,LA 4107,Southern Coastal
LA 4107-11,1,LA 4107,Southern Coastal
LA 4107-11,0.625,LA 4107,Southern Coastal
LA 4107-11,0.75,LA 4107,Southern Coastal
LA 4107-11,0.875,LA 4107,Southern Coastal
LA 4107-11,0.75,LA 4107,Southern Coastal
LA 4107-11,0.75,LA 4107,Southern Coastal
LA 4107-11,0.625,LA 4107,Southern Coastal
LA 4107-11,1,LA 4107,Southern Coastal
LA 4107-12,0.625,LA 4107,Southern Coastal
LA 4107-12,0.25,LA 4107,Southern Coastal
LA 4107-12,0.5,LA 4107,Southern Coastal
LA 4107-12,0.625,LA 4107,Southern Coastal
LA 4107-12,0.625,LA 4107,Southern Coastal
LA 4107-12,0.625,LA 4107,Southern Coastal
LA 4107-12,0.75,LA 4107,Southern Coastal
LA 4107-12,0.625,LA 4107,Southern Coastal
LA 4107-2,0.777777777777778,LA 4107,Southern Coastal
LA 4107-2,0.666666666666667,LA 4107,Southern Coastal
LA 4107-2,1,LA 4107,Southern Coastal
LA 4107-2,0.166666666666667,LA 4107,Southern Coastal
LA 4107-2,0.25,LA 4107,Southern Coastal
LA 4107-2,0.375,LA 4107,Southern Coastal
LA 4107-2,0.857142857142857,LA 4107,Southern Coastal
LA 4107-2,0.857142857142857,LA 4107,Southern Coastal
LA 4107-3,0.5,LA 4107,Southern Coastal
LA 4107-3,0.5,LA 4107,Southern Coastal
LA 4107-3,0.666666666666667,LA 4107,Southern Coastal
LA 4107-3,0.714285714285714,LA 4107,Southern Coastal
LA 4107-3,1,LA 4107,Southern Coastal
LA 4107-3,0.875,LA 4107,Southern Coastal
LA 4107-3,0.75,LA 4107,Southern Coastal
LA 4107-3,0.875,LA 4107,Southern Coastal
LA 4107-5,0.5,LA 4107,Southern Coastal
LA 4107-5,0.428571428571429,LA 4107,Southern Coastal
LA 4107-5,0.666666666666667,LA 4107,Southern Coastal
LA 4107-5,0.4,LA 4107,Southern Coastal
LA 4107-5,0.625,LA 4107,Southern Coastal
LA 4107-5,0.5,LA 4107,Southern Coastal
LA 4107-5,0.5,LA 4107,Southern Coastal
LA 4107-5,0.444444444444444,LA 4107,Southern Coastal
LA 4107-6,0.75,LA 4107,Southern Coastal
LA 4107-6,0.75,LA 4107,Southern Coastal
LA 4107-6,0.857142857142857,LA 4107,Southern Coastal
LA 4107-6,0.75,LA 4107,Southern Coastal
LA 4107-6,0.75,LA 4107,Southern Coastal
LA 4107-6,0.833333333333333,LA 4107,Southern Coastal
LA 4107-6,0.833333333333333,LA 4107,Southern Coastal
LA 4107-6,0.833333333333333,LA 4107,Southern Coastal
LA 4107-7,0.777777777777778,LA 4107,Southern Coastal
LA 4107-7,0.714285714285714,LA 4107,Southern Coastal
LA 4107-7,0.857142857142857,LA 4107,Southern Coastal
LA 4107-7,0.571428571428571,LA 4107,Southern Coastal
LA 4107-7,0.888888888888889,LA 4107,Southern Coastal
LA 4107-7,0.777777777777778,LA 4107,Southern Coastal
LA 4107-7,0.875,LA 4107,Southern Coastal
LA 4107-7,0.75,LA 4107,Southern Coastal
LA 4107-8,0.333333333333333,LA 4107,Southern Coastal
LA 4107-8,0.666666666666667,LA 4107,Southern Coastal
LA 4107-8,0.571428571428571,LA 4107,Southern Coastal
LA 4107-8,0.166666666666667,LA 4107,Southern Coastal
LA 4107-8,0.5,LA 4107,Southern Coastal
LA 4107-8,0.166666666666667,LA 4107,Southern Coastal
LA 4107-8,0.625,LA 4107,Southern Coastal
LA 4107-8,0.25,LA 4107,Southern Coastal
LA 4107-10,0.333333333333333,LA 4107,Southern Coastal
LA 4107-10,0.25,LA 4107,Southern Coastal
LA 4107-10,0.75,LA 4107,Southern Coastal
LA 4107-10,0.5,LA 4107,Southern Coastal
LA 4107-10,0.5,LA 4107,Southern Coastal
LA 4107-10,0.375,LA 4107,Southern Coastal
LA 4107-10,0.714285714285714,LA 4107,Southern Coastal
LA 4107-10,0.888888888888889,LA 4107,Southern Coastal
LA 4107-11,0.875,LA 4107,Southern Coastal
LA 4107-11,0.875,LA 4107,Southern Coastal
LA 4107-11,1,LA 4107,Southern Coastal
LA 4107-11,0.5,LA 4107,Southern Coastal
LA 4107-11,0.125,LA 4107,Southern Coastal
LA 4107-11,0.666666666666667,LA 4107,Southern Coastal
LA 4107-11,0.714285714285714,LA 4107,Southern Coastal
LA 4107-11,0.875,LA 4107,Southern Coastal
LA 4107-12,0.444444444444444,LA 4107,Southern Coastal
LA 4107-12,0.857142857142857,LA 4107,Southern Coastal
LA 4107-12,0.714285714285714,LA 4107,Southern Coastal
LA 4107-12,0.714285714285714,LA 4107,Southern Coastal
LA 4107-12,0.888888888888889,LA 4107,Southern Coastal
LA 4107-12,0.285714285714286,LA 4107,Southern Coastal
LA 4107-12,0.125,LA 4107,Southern Coastal
LA 4107-12,0.888888888888889,LA 4107,Southern Coastal
Plant 4330-1,0.75,LA 4330,Southern Highlands 
Plant 4330-1,0.454545454545455,LA 4330,Southern Highlands 
Plant 4330-1,0.6,LA 4330,Southern Highlands 
Plant 4330-1,0.7,LA 4330,Southern Highlands 
Plant 4330-1,0.666666666666667,LA 4330,Southern Highlands 
Plant 4330-1,0.7,LA 4330,Southern Highlands 
Plant 4330-1,0.75,LA 4330,Southern Highlands 
Plant 4330-1,1,LA 4330,Southern Highlands 
Plant 4330-3,0.538461538461538,LA 4330,Southern Highlands 
Plant 4330-3,0.6,LA 4330,Southern Highlands 
Plant 4330-3,0.916666666666667,LA 4330,Southern Highlands 
Plant 4330-3,0.888888888888889,LA 4330,Southern Highlands 
Plant 4330-3,0.909090909090909,LA 4330,Southern Highlands 
Plant 4330-3,0.615384615384615,LA 4330,Southern Highlands 
Plant 4330-3,1,LA 4330,Southern Highlands 
Plant 4330-3,0.75,LA 4330,Southern Highlands 
Plant 4330-4,1,LA 4330,Southern Highlands 
Plant 4330-4,1,LA 4330,Southern Highlands 
Plant 4330-4,0.75,LA 4330,Southern Highlands 
Plant 4330-4,0.9,LA 4330,Southern Highlands 
Plant 4330-4,0.666666666666667,LA 4330,Southern Highlands 
Plant 4330-4,0.727272727272727,LA 4330,Southern Highlands 
Plant 4330-4,0.9,LA 4330,Southern Highlands 
Plant 4330-4,0.714285714285714,LA 4330,Southern Highlands 
Plant 4330-5,0.9,LA 4330,Southern Highlands 
Plant 4330-5,0.5,LA 4330,Southern Highlands 
Plant 4330-5,0.636363636363636,LA 4330,Southern Highlands 
Plant 4330-5,0.7,LA 4330,Southern Highlands 
Plant 4330-5,0.8,LA 4330,Southern Highlands 
Plant 4330-5,1,LA 4330,Southern Highlands 
Plant 4330-5,0.888888888888889,LA 4330,Southern Highlands 
Plant 4330-5,0.9,LA 4330,Southern Highlands 
Plant 4330-6,0.7,LA 4330,Southern Highlands 
Plant 4330-6,0.8,LA 4330,Southern Highlands 
Plant 4330-6,1,LA 4330,Southern Highlands 
Plant 4330-6,0.75,LA 4330,Southern Highlands 
Plant 4330-6,0.7,LA 4330,Southern Highlands 
Plant 4330-6,1,LA 4330,Southern Highlands 
Plant 4330-6,1,LA 4330,Southern Highlands 
Plant 4330-6,0.7,LA 4330,Southern Highlands 
Plant 4330-8,0.818181818181818,LA 4330,Southern Highlands 
Plant 4330-8,0.5,LA 4330,Southern Highlands 
Plant 4330-8,0.9,LA 4330,Southern Highlands 
Plant 4330-8,0.9,LA 4330,Southern Highlands 
Plant 4330-8,0,LA 4330,Southern Highlands 
Plant 4330-8,0.777777777777778,LA 4330,Southern Highlands 
Plant 4330-8,0.666666666666667,LA 4330,Southern Highlands 
Plant 4330-8,0.3,LA 4330,Southern Highlands 
Plant 4330-9,1,LA 4330,Southern Highlands 
Plant 4330-9,0.857142857142857,LA 4330,Southern Highlands 
Plant 4330-9,0.916666666666667,LA 4330,Southern Highlands 
Plant 4330-9,0.727272727272727,LA 4330,Southern Highlands 
Plant 4330-9,1,LA 4330,Southern Highlands 
Plant 4330-9,1,LA 4330,Southern Highlands 
Plant 4330-9,0.833333333333333,LA 4330,Southern Highlands 
Plant 4330-9,0.916666666666667,LA 4330,Southern Highlands 
Plant 4330-12,1,LA 4330,Southern Highlands 
Plant 4330-12,0.818181818181818,LA 4330,Southern Highlands 
Plant 4330-12,0.7,LA 4330,Southern Highlands 
Plant 4330-12,0.916666666666667,LA 4330,Southern Highlands 
Plant 4330-12,1,LA 4330,Southern Highlands 
Plant 4330-12,0.636363636363636,LA 4330,Southern Highlands 
Plant 4330-12,0.5,LA 4330,Southern Highlands 
Plant 4330-12,0.8,LA 4330,Southern Highlands 
Plant 4330-13,0.545454545454545,LA 4330,Southern Highlands 
Plant 4330-13,0.7,LA 4330,Southern Highlands 
Plant 4330-13,0.5,LA 4330,Southern Highlands 
Plant 4330-13,1,LA 4330,Southern Highlands 
Plant 4330-13,0.444444444444444,LA 4330,Southern Highlands 
Plant 4330-13,1,LA 4330,Southern Highlands 
Plant 4330-13,0.9,LA 4330,Southern Highlands 
Plant 4330-13,0.888888888888889,LA 4330,Southern Highlands 
Plant 4330-P1,0.5,LA 4330,Southern Highlands 
Plant 4330-P1,0.4,LA 4330,Southern Highlands 
Plant 4330-P1,0.727272727272727,LA 4330,Southern Highlands 
Plant 4330-P1,0.8,LA 4330,Southern Highlands 
Plant 4330-P1,0.4,LA 4330,Southern Highlands 
Plant 4330-P1,0,LA 4330,Southern Highlands 
Plant 4330-P1,0.909090909090909,LA 4330,Southern Highlands 
Plant 4330-P1,0.571428571428571,LA 4330,Southern Highlands 
Plant 4330-1,1,LA 4330,Southern Highlands 
Plant 4330-1,1,LA 4330,Southern Highlands 
Plant 4330-1,0.857142857142857,LA 4330,Southern Highlands 
Plant 4330-1,0.857142857142857,LA 4330,Southern Highlands 
Plant 4330-1,0.857142857142857,LA 4330,Southern Highlands 
Plant 4330-1,1,LA 4330,Southern Highlands 
Plant 4330-1,0.857142857142857,LA 4330,Southern Highlands 
Plant 4330-1,1,LA 4330,Southern Highlands 
Plant 4330-3,0.416666666666667,LA 4330,Southern Highlands 
Plant 4330-3,1,LA 4330,Southern Highlands 
Plant 4330-3,1,LA 4330,Southern Highlands 
Plant 4330-3,0.8,LA 4330,Southern Highlands 
Plant 4330-3,0.555555555555556,LA 4330,Southern Highlands 
Plant 4330-3,0.857142857142857,LA 4330,Southern Highlands 
Plant 4330-3,0.888888888888889,LA 4330,Southern Highlands 
Plant 4330-3,0.8,LA 4330,Southern Highlands 
Plant 4330-4,0.75,LA 4330,Southern Highlands 
Plant 4330-4,0.777777777777778,LA 4330,Southern Highlands 
Plant 4330-4,0.777777777777778,LA 4330,Southern Highlands 
Plant 4330-4,0.8,LA 4330,Southern Highlands 
Plant 4330-4,0.75,LA 4330,Southern Highlands 
Plant 4330-4,0.777777777777778,LA 4330,Southern Highlands 
Plant 4330-4,0.777777777777778,LA 4330,Southern Highlands 
Plant 4330-4,0.8,LA 4330,Southern Highlands 
Plant 4330-5,1,LA 4330,Southern Highlands 
Plant 4330-5,0.8,LA 4330,Southern Highlands 
Plant 4330-5,1,LA 4330,Southern Highlands 
Plant 4330-5,1,LA 4330,Southern Highlands 
Plant 4330-5,1,LA 4330,Southern Highlands 
Plant 4330-5,0.888888888888889,LA 4330,Southern Highlands 
Plant 4330-5,1,LA 4330,Southern Highlands 
Plant 4330-5,0.888888888888889,LA 4330,Southern Highlands 
Plant 4330-6,1,LA 4330,Southern Highlands 
Plant 4330-6,0.888888888888889,LA 4330,Southern Highlands 
Plant 4330-6,1,LA 4330,Southern Highlands 
Plant 4330-6,1,LA 4330,Southern Highlands 
Plant 4330-6,1,LA 4330,Southern Highlands 
Plant 4330-6,1,LA 4330,Southern Highlands 
Plant 4330-6,1,LA 4330,Southern Highlands 
Plant 4330-6,1,LA 4330,Southern Highlands 
Plant 4330-8,1,LA 4330,Southern Highlands 
Plant 4330-8,1,LA 4330,Southern Highlands 
Plant 4330-8,0.888888888888889,LA 4330,Southern Highlands 
Plant 4330-8,1,LA 4330,Southern Highlands 
Plant 4330-8,0.375,LA 4330,Southern Highlands 
Plant 4330-8,0.25,LA 4330,Southern Highlands 
Plant 4330-8,0.125,LA 4330,Southern Highlands 
Plant 4330-8,1,LA 4330,Southern Highlands 
Plant 4330-9,1,LA 4330,Southern Highlands 
Plant 4330-9,1,LA 4330,Southern Highlands 
Plant 4330-9,0.888888888888889,LA 4330,Southern Highlands 
Plant 4330-9,1,LA 4330,Southern Highlands 
Plant 4330-9,0.8,LA 4330,Southern Highlands 
Plant 4330-9,1,LA 4330,Southern Highlands 
Plant 4330-9,0.8,LA 4330,Southern Highlands 
Plant 4330-9,0.8,LA 4330,Southern Highlands 
Plant 4330-12,1,LA 4330,Southern Highlands 
Plant 4330-12,1,LA 4330,Southern Highlands 
Plant 4330-12,0.8,LA 4330,Southern Highlands 
Plant 4330-12,1,LA 4330,Southern Highlands 
Plant 4330-12,1,LA 4330,Southern Highlands 
Plant 4330-12,1,LA 4330,Southern Highlands 
Plant 4330-12,1,LA 4330,Southern Highlands 
Plant 4330-12,1,LA 4330,Southern Highlands 
Plant 4330-13,1,LA 4330,Southern Highlands 
Plant 4330-13,1,LA 4330,Southern Highlands 
Plant 4330-13,1,LA 4330,Southern Highlands 
Plant 4330-13,1,LA 4330,Southern Highlands 
Plant 4330-13,1,LA 4330,Southern Highlands 
Plant 4330-13,1,LA 4330,Southern Highlands 
Plant 4330-13,1,LA 4330,Southern Highlands 
Plant 4330-13,1,LA 4330,Southern Highlands 
Plant 4330-P1,1,LA 4330,Southern Highlands 
Plant 4330-P1,1,LA 4330,Southern Highlands 
Plant 4330-P1,0.888888888888889,LA 4330,Southern Highlands 
Plant 4330-P1,0.7,LA 4330,Southern Highlands 
Plant 4330-P1,0.888888888888889,LA 4330,Southern Highlands 
Plant 4330-P1,0.8,LA 4330,Southern Highlands 
Plant 4330-P1,0.888888888888889,LA 4330,Southern Highlands 
Plant 4330-P1,0.8,LA 4330,Southern Highlands 
Plant 4330-1,1,LA 4330,Southern Highlands 
Plant 4330-1,0.666666666666667,LA 4330,Southern Highlands 
Plant 4330-1,1,LA 4330,Southern Highlands 
Plant 4330-1,0.875,LA 4330,Southern Highlands 
Plant 4330-1,1,LA 4330,Southern Highlands 
Plant 4330-1,0.555555555555556,LA 4330,Southern Highlands 
Plant 4330-1,1,LA 4330,Southern Highlands 
Plant 4330-1,1,LA 4330,Southern Highlands 
Plant 4330-3,0.777777777777778,LA 4330,Southern Highlands 
Plant 4330-3,0.666666666666667,LA 4330,Southern Highlands 
Plant 4330-3,0.875,LA 4330,Southern Highlands 
Plant 4330-3,0.875,LA 4330,Southern Highlands 
Plant 4330-3,0.777777777777778,LA 4330,Southern Highlands 
Plant 4330-3,0.888888888888889,LA 4330,Southern Highlands 
Plant 4330-3,0.666666666666667,LA 4330,Southern Highlands 
Plant 4330-3,0.875,LA 4330,Southern Highlands 
Plant 4330-4,0.857142857142857,LA 4330,Southern Highlands 
Plant 4330-4,0.555555555555556,LA 4330,Southern Highlands 
Plant 4330-4,0.333333333333333,LA 4330,Southern Highlands 
Plant 4330-4,0.555555555555556,LA 4330,Southern Highlands 
Plant 4330-4,0.714285714285714,LA 4330,Southern Highlands 
Plant 4330-4,0.833333333333333,LA 4330,Southern Highlands 
Plant 4330-4,0.666666666666667,LA 4330,Southern Highlands 
Plant 4330-4,0.625,LA 4330,Southern Highlands 
Plant 4330-5,1,LA 4330,Southern Highlands 
Plant 4330-5,1,LA 4330,Southern Highlands 
Plant 4330-5,1,LA 4330,Southern Highlands 
Plant 4330-5,1,LA 4330,Southern Highlands 
Plant 4330-5,1,LA 4330,Southern Highlands 
Plant 4330-5,0.875,LA 4330,Southern Highlands 
Plant 4330-5,0.875,LA 4330,Southern Highlands 
Plant 4330-5,1,LA 4330,Southern Highlands 
Plant 4330-6,0.875,LA 4330,Southern Highlands 
Plant 4330-6,1,LA 4330,Southern Highlands 
Plant 4330-6,1,LA 4330,Southern Highlands 
Plant 4330-6,1,LA 4330,Southern Highlands 
Plant 4330-6,1,LA 4330,Southern Highlands 
Plant 4330-6,1,LA 4330,Southern Highlands 
Plant 4330-6,1,LA 4330,Southern Highlands 
Plant 4330-6,1,LA 4330,Southern Highlands 
Plant 4330-8,1,LA 4330,Southern Highlands 
Plant 4330-8,1,LA 4330,Southern Highlands 
Plant 4330-8,1,LA 4330,Southern Highlands 
Plant 4330-8,1,LA 4330,Southern Highlands 
Plant 4330-8,0.666666666666667,LA 4330,Southern Highlands 
Plant 4330-8,0.666666666666667,LA 4330,Southern Highlands 
Plant 4330-8,0.666666666666667,LA 4330,Southern Highlands 
Plant 4330-8,0.714285714285714,LA 4330,Southern Highlands 
Plant 4330-9,0.8,LA 4330,Southern Highlands 
Plant 4330-9,0.9,LA 4330,Southern Highlands 
Plant 4330-9,1,LA 4330,Southern Highlands 
Plant 4330-9,0.888888888888889,LA 4330,Southern Highlands 
Plant 4330-9,0.8,LA 4330,Southern Highlands 
Plant 4330-9,1,LA 4330,Southern Highlands 
Plant 4330-9,0.888888888888889,LA 4330,Southern Highlands 
Plant 4330-9,0.888888888888889,LA 4330,Southern Highlands 
Plant 4330-12,1,LA 4330,Southern Highlands 
Plant 4330-12,1,LA 4330,Southern Highlands 
Plant 4330-12,0.8,LA 4330,Southern Highlands 
Plant 4330-12,1,LA 4330,Southern Highlands 
Plant 4330-12,1,LA 4330,Southern Highlands 
Plant 4330-12,1,LA 4330,Southern Highlands 
Plant 4330-12,1,LA 4330,Southern Highlands 
Plant 4330-12,1,LA 4330,Southern Highlands 
Plant 4330-13,0.666666666666667,LA 4330,Southern Highlands 
Plant 4330-13,0.777777777777778,LA 4330,Southern Highlands 
Plant 4330-13,0.888888888888889,LA 4330,Southern Highlands 
Plant 4330-13,0.8,LA 4330,Southern Highlands 
Plant 4330-13,0.75,LA 4330,Southern Highlands 
Plant 4330-13,0.25,LA 4330,Southern Highlands 
Plant 4330-13,0.888888888888889,LA 4330,Southern Highlands 
Plant 4330-13,0.5,LA 4330,Southern Highlands 
Plant 4330-P1,0.888888888888889,LA 4330,Southern Highlands 
Plant 4330-P1,0.8,LA 4330,Southern Highlands 
Plant 4330-P1,0.888888888888889,LA 4330,Southern Highlands 
Plant 4330-P1,0.625,LA 4330,Southern Highlands 
Plant 4330-P1,0.888888888888889,LA 4330,Southern Highlands 
Plant 4330-P1,0.888888888888889,LA 4330,Southern Highlands 
Plant 4330-P1,0.8,LA 4330,Southern Highlands 
Plant 4330-P1,0.888888888888889,LA 4330,Southern Highlands 
LA 4117A-1,0.5,LA 4117A,Southern Highlands 
LA 4117A-1,0.857142857142857,LA 4117A,Southern Highlands 
LA 4117A-1,0.666666666666667,LA 4117A,Southern Highlands 
LA 4117A-1,0.714285714285714,LA 4117A,Southern Highlands 
LA 4117A-1,0.714285714285714,LA 4117A,Southern Highlands 
LA 4117A-1,1,LA 4117A,Southern Highlands 
LA 4117A-1,0.571428571428571,LA 4117A,Southern Highlands 
LA 4117A-1,0.666666666666667,LA 4117A,Southern Highlands 
LA 4117A-4,0.888888888888889,LA 4117A,Southern Highlands 
LA 4117A-4,1,LA 4117A,Southern Highlands 
LA 4117A-4,1,LA 4117A,Southern Highlands 
LA 4117A-4,0.666666666666667,LA 4117A,Southern Highlands 
LA 4117A-4,0.571428571428571,LA 4117A,Southern Highlands 
LA 4117A-4,0.857142857142857,LA 4117A,Southern Highlands 
LA 4117A-4,0.875,LA 4117A,Southern Highlands 
LA 4117A-4,1,LA 4117A,Southern Highlands 
LA 4117A-5,1,LA 4117A,Southern Highlands 
LA 4117A-5,1,LA 4117A,Southern Highlands 
LA 4117A-5,1,LA 4117A,Southern Highlands 
LA 4117A-5,1,LA 4117A,Southern Highlands 
LA 4117A-5,0.75,LA 4117A,Southern Highlands 
LA 4117A-5,0.75,LA 4117A,Southern Highlands 
LA 4117A-5,0.8,LA 4117A,Southern Highlands 
LA 4117A-5,1,LA 4117A,Southern Highlands 
LA 4117A-6,0.666666666666667,LA 4117A,Southern Highlands 
LA 4117A-6,0.5,LA 4117A,Southern Highlands 
LA 4117A-6,1,LA 4117A,Southern Highlands 
LA 4117A-6,1,LA 4117A,Southern Highlands 
LA 4117A-6,0.714285714285714,LA 4117A,Southern Highlands 
LA 4117A-6,0.428571428571429,LA 4117A,Southern Highlands 
LA 4117A-6,1,LA 4117A,Southern Highlands 
LA 4117A-6,1,LA 4117A,Southern Highlands 
LA 4117A-9,0.666666666666667,LA 4117A,Southern Highlands 
LA 4117A-9,0.857142857142857,LA 4117A,Southern Highlands 
LA 4117A-9,1,LA 4117A,Southern Highlands 
LA 4117A-9,1,LA 4117A,Southern Highlands 
LA 4117A-9,0.888888888888889,LA 4117A,Southern Highlands 
LA 4117A-9,1,LA 4117A,Southern Highlands 
LA 4117A-9,1,LA 4117A,Southern Highlands 
LA 4117A-9,0.5,LA 4117A,Southern Highlands 
LA 4117A-10,0.625,LA 4117A,Southern Highlands 
LA 4117A-10,0.375,LA 4117A,Southern Highlands 
LA 4117A-10,1,LA 4117A,Southern Highlands 
LA 4117A-10,0.285714285714286,LA 4117A,Southern Highlands 
LA 4117A-10,0.571428571428571,LA 4117A,Southern Highlands 
LA 4117A-10,0.875,LA 4117A,Southern Highlands 
LA 4117A-10,0.333333333333333,LA 4117A,Southern Highlands 
LA 4117A-10,0.888888888888889,LA 4117A,Southern Highlands 
LA 4117A-11,0.428571428571429,LA 4117A,Southern Highlands 
LA 4117A-11,0.555555555555556,LA 4117A,Southern Highlands 
LA 4117A-11,0.636363636363636,LA 4117A,Southern Highlands 
LA 4117A-11,0.555555555555556,LA 4117A,Southern Highlands 
LA 4117A-11,0.727272727272727,LA 4117A,Southern Highlands 
LA 4117A-11,0.909090909090909,LA 4117A,Southern Highlands 
LA 4117A-11,0.875,LA 4117A,Southern Highlands 
LA 4117A-11,0.625,LA 4117A,Southern Highlands 
LA 4117A-12,0.555555555555556,LA 4117A,Southern Highlands 
LA 4117A-12,0.444444444444444,LA 4117A,Southern Highlands 
LA 4117A-12,0.75,LA 4117A,Southern Highlands 
LA 4117A-12,0,LA 4117A,Southern Highlands 
LA 4117A-12,0.428571428571429,LA 4117A,Southern Highlands 
LA 4117A-12,0.714285714285714,LA 4117A,Southern Highlands 
LA 4117A-12,0.625,LA 4117A,Southern Highlands 
LA 4117A-12,0.5,LA 4117A,Southern Highlands 
LA 4117A-15,0.571428571428571,LA 4117A,Southern Highlands 
LA 4117A-15,0.666666666666667,LA 4117A,Southern Highlands 
LA 4117A-15,0.625,LA 4117A,Southern Highlands 
LA 4117A-15,1,LA 4117A,Southern Highlands 
LA 4117A-15,0.888888888888889,LA 4117A,Southern Highlands 
LA 4117A-15,0.444444444444444,LA 4117A,Southern Highlands 
LA 4117A-15,0.666666666666667,LA 4117A,Southern Highlands 
LA 4117A-15,0.75,LA 4117A,Southern Highlands 
LA 4117A-1,0.625,LA 4117A,Southern Highlands 
LA 4117A-1,0.75,LA 4117A,Southern Highlands 
LA 4117A-1,0.875,LA 4117A,Southern Highlands 
LA 4117A-1,0.875,LA 4117A,Southern Highlands 
LA 4117A-1,0.875,LA 4117A,Southern Highlands 
LA 4117A-1,0.875,LA 4117A,Southern Highlands 
LA 4117A-1,0.875,LA 4117A,Southern Highlands 
LA 4117A-4,0.5,LA 4117A,Southern Highlands 
LA 4117A-4,1,LA 4117A,Southern Highlands 
LA 4117A-4,1,LA 4117A,Southern Highlands 
LA 4117A-4,0.875,LA 4117A,Southern Highlands 
LA 4117A-4,0.625,LA 4117A,Southern Highlands 
LA 4117A-4,0.875,LA 4117A,Southern Highlands 
LA 4117A-4,0.75,LA 4117A,Southern Highlands 
LA 4117A-4,0.875,LA 4117A,Southern Highlands 
LA 4117A-5,1,LA 4117A,Southern Highlands 
LA 4117A-5,0.875,LA 4117A,Southern Highlands 
LA 4117A-5,1,LA 4117A,Southern Highlands 
LA 4117A-5,1,LA 4117A,Southern Highlands 
LA 4117A-5,1,LA 4117A,Southern Highlands 
LA 4117A-5,0.875,LA 4117A,Southern Highlands 
LA 4117A-5,0.75,LA 4117A,Southern Highlands 
LA 4117A-5,0.625,LA 4117A,Southern Highlands 
LA 4117A-6,1,LA 4117A,Southern Highlands 
LA 4117A-6,0.875,LA 4117A,Southern Highlands 
LA 4117A-6,0.875,LA 4117A,Southern Highlands 
LA 4117A-6,0.875,LA 4117A,Southern Highlands 
LA 4117A-6,0.875,LA 4117A,Southern Highlands 
LA 4117A-6,0.875,LA 4117A,Southern Highlands 
LA 4117A-6,0.875,LA 4117A,Southern Highlands 
LA 4117A-6,0.75,LA 4117A,Southern Highlands 
LA 4117A-9,0.75,LA 4117A,Southern Highlands 
LA 4117A-9,0.75,LA 4117A,Southern Highlands 
LA 4117A-9,1,LA 4117A,Southern Highlands 
LA 4117A-9,1,LA 4117A,Southern Highlands 
LA 4117A-9,0.875,LA 4117A,Southern Highlands 
LA 4117A-9,1,LA 4117A,Southern Highlands 
LA 4117A-9,0.875,LA 4117A,Southern Highlands 
LA 4117A-9,0.75,LA 4117A,Southern Highlands 
LA 4117A-10,0.625,LA 4117A,Southern Highlands 
LA 4117A-10,0.75,LA 4117A,Southern Highlands 
LA 4117A-10,1,LA 4117A,Southern Highlands 
LA 4117A-10,1,LA 4117A,Southern Highlands 
LA 4117A-10,0.625,LA 4117A,Southern Highlands 
LA 4117A-10,0.75,LA 4117A,Southern Highlands 
LA 4117A-10,1,LA 4117A,Southern Highlands 
LA 4117A-10,0.625,LA 4117A,Southern Highlands 
LA 4117A-11,0.5,LA 4117A,Southern Highlands 
LA 4117A-11,0.5,LA 4117A,Southern Highlands 
LA 4117A-11,0.75,LA 4117A,Southern Highlands 
LA 4117A-11,0.75,LA 4117A,Southern Highlands 
LA 4117A-11,0.75,LA 4117A,Southern Highlands 
LA 4117A-11,0.75,LA 4117A,Southern Highlands 
LA 4117A-11,1,LA 4117A,Southern Highlands 
LA 4117A-11,1,LA 4117A,Southern Highlands 
LA 4117A-12,0.625,LA 4117A,Southern Highlands 
LA 4117A-12,0.75,LA 4117A,Southern Highlands 
LA 4117A-12,1,LA 4117A,Southern Highlands 
LA 4117A-12,0.75,LA 4117A,Southern Highlands 
LA 4117A-12,0.375,LA 4117A,Southern Highlands 
LA 4117A-12,1,LA 4117A,Southern Highlands 
LA 4117A-12,1,LA 4117A,Southern Highlands 
LA 4117A-12,0.857142857142857,LA 4117A,Southern Highlands 
LA 4117A-15,0.875,LA 4117A,Southern Highlands 
LA 4117A-15,0.875,LA 4117A,Southern Highlands 
LA 4117A-15,1,LA 4117A,Southern Highlands 
LA 4117A-15,0.5,LA 4117A,Southern Highlands 
LA 4117A-15,1,LA 4117A,Southern Highlands 
LA 4117A-15,0.75,LA 4117A,Southern Highlands 
LA 4117A-15,0.625,LA 4117A,Southern Highlands 
LA 4117A-15,1,LA 4117A,Southern Highlands 
LA 4117A-1,0.727272727272727,LA 4117A,Southern Highlands 
LA 4117A-1,0.857142857142857,LA 4117A,Southern Highlands 
LA 4117A-1,0.75,LA 4117A,Southern Highlands 
LA 4117A-1,0.777777777777778,LA 4117A,Southern Highlands 
LA 4117A-1,0.625,LA 4117A,Southern Highlands 
LA 4117A-1,0.857142857142857,LA 4117A,Southern Highlands 
LA 4117A-1,0.375,LA 4117A,Southern Highlands 
LA 4117A-1,0.75,LA 4117A,Southern Highlands 
LA 4117A-4,0.888888888888889,LA 4117A,Southern Highlands 
LA 4117A-4,1,LA 4117A,Southern Highlands 
LA 4117A-4,1,LA 4117A,Southern Highlands 
LA 4117A-4,1,LA 4117A,Southern Highlands 
LA 4117A-4,0.625,LA 4117A,Southern Highlands 
LA 4117A-4,0.666666666666667,LA 4117A,Southern Highlands 
LA 4117A-4,1,LA 4117A,Southern Highlands 
LA 4117A-4,0.375,LA 4117A,Southern Highlands 
LA 4117A-5,1,LA 4117A,Southern Highlands 
LA 4117A-5,1,LA 4117A,Southern Highlands 
LA 4117A-5,1,LA 4117A,Southern Highlands 
LA 4117A-5,1,LA 4117A,Southern Highlands 
LA 4117A-5,0.888888888888889,LA 4117A,Southern Highlands 
LA 4117A-5,1,LA 4117A,Southern Highlands 
LA 4117A-5,1,LA 4117A,Southern Highlands 
LA 4117A-5,1,LA 4117A,Southern Highlands 
LA 4117A-6,1,LA 4117A,Southern Highlands 
LA 4117A-6,1,LA 4117A,Southern Highlands 
LA 4117A-6,1,LA 4117A,Southern Highlands 
LA 4117A-6,1,LA 4117A,Southern Highlands 
LA 4117A-6,1,LA 4117A,Southern Highlands 
LA 4117A-6,0.888888888888889,LA 4117A,Southern Highlands 
LA 4117A-6,1,LA 4117A,Southern Highlands 
LA 4117A-6,0.888888888888889,LA 4117A,Southern Highlands 
LA 4117A-9,1,LA 4117A,Southern Highlands 
LA 4117A-9,1,LA 4117A,Southern Highlands 
LA 4117A-9,1,LA 4117A,Southern Highlands 
LA 4117A-9,1,LA 4117A,Southern Highlands 
LA 4117A-9,0.875,LA 4117A,Southern Highlands 
LA 4117A-9,1,LA 4117A,Southern Highlands 
LA 4117A-9,0.875,LA 4117A,Southern Highlands 
LA 4117A-9,1,LA 4117A,Southern Highlands 
LA 4117A-10,0.571428571428571,LA 4117A,Southern Highlands 
LA 4117A-10,0.714285714285714,LA 4117A,Southern Highlands 
LA 4117A-10,0.714285714285714,LA 4117A,Southern Highlands 
LA 4117A-10,1,LA 4117A,Southern Highlands 
LA 4117A-10,0.5,LA 4117A,Southern Highlands 
LA 4117A-10,0.666666666666667,LA 4117A,Southern Highlands 
LA 4117A-10,0.714285714285714,LA 4117A,Southern Highlands 
LA 4117A-10,0.857142857142857,LA 4117A,Southern Highlands 
LA 4117A-11,0.888888888888889,LA 4117A,Southern Highlands 
LA 4117A-11,0.666666666666667,LA 4117A,Southern Highlands 
LA 4117A-11,0.625,LA 4117A,Southern Highlands 
LA 4117A-11,0.75,LA 4117A,Southern Highlands 
LA 4117A-11,1,LA 4117A,Southern Highlands 
LA 4117A-11,1,LA 4117A,Southern Highlands 
LA 4117A-11,1,LA 4117A,Southern Highlands 
LA 4117A-11,1,LA 4117A,Southern Highlands 
LA 4117A-12,0.777777777777778,LA 4117A,Southern Highlands 
LA 4117A-12,0.625,LA 4117A,Southern Highlands 
LA 4117A-12,1,LA 4117A,Southern Highlands 
LA 4117A-12,1,LA 4117A,Southern Highlands 
LA 4117A-12,0.875,LA 4117A,Southern Highlands 
LA 4117A-12,1,LA 4117A,Southern Highlands 
LA 4117A-12,0.888888888888889,LA 4117A,Southern Highlands 
LA 4117A-12,1,LA 4117A,Southern Highlands 
LA 4117A-15,0.777777777777778,LA 4117A,Southern Highlands 
LA 4117A-15,0.714285714285714,LA 4117A,Southern Highlands 
LA 4117A-15,0.777777777777778,LA 4117A,Southern Highlands 
LA 4117A-15,1,LA 4117A,Southern Highlands 
LA 4117A-15,0.7,LA 4117A,Southern Highlands 
LA 4117A-15,1,LA 4117A,Southern Highlands 
LA 4117A-15,1,LA 4117A,Southern Highlands 
LA 4117A-15,1,LA 4117A,Southern Highlands 
