"Plant","Score","Pathogen","Rep","Group","infected","leaf","not_infected"
"Plant 02",0.375,"P100",1,"Plant 02 P100",3,8,5
"Plant 02",0.5,"P100",1,"Plant 02 P100",4,8,4
"Plant 02",0.5,"P100",1,"Plant 02 P100",4,8,4
"Plant 02",0.375,"P100",1,"Plant 02 P100",3,8,5
"Plant 02",0.625,"P100",1,"Plant 02 P100",5,8,3
"Plant 02",0.5,"P100",1,"Plant 02 P100",4,8,4
"Plant 02",0.375,"P100",1,"Plant 02 P100",3,8,5
"Plant 02",0.5,"P100",1,"Plant 02 P100",4,8,4
"Plant 03",0.375,"P100",1,"Plant 03 P100",3,8,5
"Plant 03",0.375,"P100",1,"Plant 03 P100",3,8,5
"Plant 03",0.375,"P100",1,"Plant 03 P100",3,8,5
"Plant 03",0.375,"P100",1,"Plant 03 P100",3,8,5
"Plant 03",0.75,"P100",1,"Plant 03 P100",6,8,2
"Plant 03",0.75,"P100",1,"Plant 03 P100",6,8,2
"Plant 03",0.625,"P100",1,"Plant 03 P100",5,8,3
"Plant 03",0.5,"P100",1,"Plant 03 P100",4,8,4
"Plant 05",0.25,"P100",1,"Plant 05 P100",2,8,6
"Plant 05",0.5,"P100",1,"Plant 05 P100",4,8,4
"Plant 05",0.25,"P100",1,"Plant 05 P100",2,8,6
"Plant 05",0.5,"P100",1,"Plant 05 P100",4,8,4
"Plant 05",0.625,"P100",1,"Plant 05 P100",5,8,3
"Plant 05",0.5,"P100",1,"Plant 05 P100",4,8,4
"Plant 05",0.5,"P100",1,"Plant 05 P100",4,8,4
"Plant 05",0.5,"P100",1,"Plant 05 P100",4,8,4
"Plant 07",0.25,"P100",1,"Plant 07 P100",2,8,6
"Plant 07",0.375,"P100",1,"Plant 07 P100",3,8,5
"Plant 07",0.5,"P100",1,"Plant 07 P100",4,8,4
"Plant 07",0,"P100",1,"Plant 07 P100",0,8,8
"Plant 07",0.875,"P100",1,"Plant 07 P100",7,8,1
"Plant 07",0.25,"P100",1,"Plant 07 P100",2,8,6
"Plant 07",0.5,"P100",1,"Plant 07 P100",4,8,4
"Plant 07",0.375,"P100",1,"Plant 07 P100",3,8,5
"Plant 10",0.75,"P100",1,"Plant 10 P100",6,8,2
"Plant 10",1,"P100",1,"Plant 10 P100",8,8,0
"Plant 10",0.75,"P100",1,"Plant 10 P100",6,8,2
"Plant 10",0.75,"P100",1,"Plant 10 P100",6,8,2
"Plant 10",0.375,"P100",1,"Plant 10 P100",3,8,5
"Plant 10",0.875,"P100",1,"Plant 10 P100",7,8,1
"Plant 10",0.25,"P100",1,"Plant 10 P100",2,8,6
"Plant 10",1,"P100",1,"Plant 10 P100",8,8,0
"Plant 11",0.25,"P100",1,"Plant 11 P100",2,8,6
"Plant 11",0.125,"P100",1,"Plant 11 P100",1,8,7
"Plant 11",0.375,"P100",1,"Plant 11 P100",3,8,5
"Plant 11",0.375,"P100",1,"Plant 11 P100",3,8,5
"Plant 11",0.25,"P100",1,"Plant 11 P100",2,8,6
"Plant 11",0.25,"P100",1,"Plant 11 P100",2,8,6
"Plant 11",0.25,"P100",1,"Plant 11 P100",2,8,6
"Plant 11",0.375,"P100",1,"Plant 11 P100",3,8,5
"Plant 12",0,"P100",1,"Plant 12 P100",0,8,8
"Plant 12",0.5,"P100",1,"Plant 12 P100",4,8,4
"Plant 12",0.375,"P100",1,"Plant 12 P100",3,8,5
"Plant 12",0.5,"P100",1,"Plant 12 P100",4,8,4
"Plant 12",0.625,"P100",1,"Plant 12 P100",5,8,3
"Plant 12",0.5,"P100",1,"Plant 12 P100",4,8,4
"Plant 12",0.5,"P100",1,"Plant 12 P100",4,8,4
"Plant 12",0.75,"P100",1,"Plant 12 P100",6,8,2
"Plant 13",0.75,"P100",1,"Plant 13 P100",6,8,2
"Plant 13",0.5,"P100",1,"Plant 13 P100",4,8,4
"Plant 13",0.25,"P100",1,"Plant 13 P100",2,8,6
"Plant 13",0.375,"P100",1,"Plant 13 P100",3,8,5
"Plant 13",0.25,"P100",1,"Plant 13 P100",2,8,6
"Plant 13",0.5,"P100",1,"Plant 13 P100",4,8,4
"Plant 13",0.375,"P100",1,"Plant 13 P100",3,8,5
"Plant 14",0.375,"P100",1,"Plant 14 P100",3,8,5
"Plant 14",0.5,"P100",1,"Plant 14 P100",4,8,4
"Plant 14",0.625,"P100",1,"Plant 14 P100",5,8,3
"Plant 14",0.25,"P100",1,"Plant 14 P100",2,8,6
"Plant 14",0.5,"P100",1,"Plant 14 P100",4,8,4
"Plant 14",0.625,"P100",1,"Plant 14 P100",5,8,3
"Plant 14",0.625,"P100",1,"Plant 14 P100",5,8,3
"Plant 14",0.625,"P100",1,"Plant 14 P100",5,8,3
"Plant 02",0.125,"P100",2,"Plant 02 P100",1,8,7
"Plant 02",0.375,"P100",2,"Plant 02 P100",3,8,5
"Plant 02",0.125,"P100",2,"Plant 02 P100",1,8,7
"Plant 02",0,"P100",2,"Plant 02 P100",0,8,8
"Plant 02",0.375,"P100",2,"Plant 02 P100",3,8,5
"Plant 02",0.5,"P100",2,"Plant 02 P100",4,8,4
"Plant 02",0.25,"P100",2,"Plant 02 P100",2,8,6
"Plant 02",0.375,"P100",2,"Plant 02 P100",3,8,5
"Plant 03",0.25,"P100",2,"Plant 03 P100",2,8,6
"Plant 03",0.25,"P100",2,"Plant 03 P100",2,8,6
"Plant 03",0,"P100",2,"Plant 03 P100",0,8,8
"Plant 03",0,"P100",2,"Plant 03 P100",0,8,8
"Plant 03",0,"P100",2,"Plant 03 P100",0,8,8
"Plant 03",0,"P100",2,"Plant 03 P100",0,8,8
"Plant 03",0.625,"P100",2,"Plant 03 P100",5,8,3
"Plant 03",0.375,"P100",2,"Plant 03 P100",3,8,5
"Plant 05",0.375,"P100",2,"Plant 05 P100",3,8,5
"Plant 05",0.25,"P100",2,"Plant 05 P100",2,8,6
"Plant 05",0.375,"P100",2,"Plant 05 P100",3,8,5
"Plant 05",0,"P100",2,"Plant 05 P100",0,8,8
"Plant 05",0.5,"P100",2,"Plant 05 P100",4,8,4
"Plant 05",0.5,"P100",2,"Plant 05 P100",4,8,4
"Plant 05",0.25,"P100",2,"Plant 05 P100",2,8,6
"Plant 05",0.25,"P100",2,"Plant 05 P100",2,8,6
"Plant 07",0.375,"P100",2,"Plant 07 P100",3,8,5
"Plant 07",0.125,"P100",2,"Plant 07 P100",1,8,7
"Plant 07",0.25,"P100",2,"Plant 07 P100",2,8,6
"Plant 07",0,"P100",2,"Plant 07 P100",0,8,8
"Plant 07",0.125,"P100",2,"Plant 07 P100",1,8,7
"Plant 07",0.125,"P100",2,"Plant 07 P100",1,8,7
"Plant 07",0,"P100",2,"Plant 07 P100",0,8,8
"Plant 07",0.375,"P100",2,"Plant 07 P100",3,8,5
"Plant 10",0.75,"P100",2,"Plant 10 P100",6,8,2
"Plant 10",0.625,"P100",2,"Plant 10 P100",5,8,3
"Plant 10",0.75,"P100",2,"Plant 10 P100",6,8,2
"Plant 10",0.75,"P100",2,"Plant 10 P100",6,8,2
"Plant 10",0.375,"P100",2,"Plant 10 P100",3,8,5
"Plant 10",0.75,"P100",2,"Plant 10 P100",6,8,2
"Plant 10",0.375,"P100",2,"Plant 10 P100",3,8,5
"Plant 10",0.375,"P100",2,"Plant 10 P100",3,8,5
"Plant 11",0.125,"P100",2,"Plant 11 P100",1,8,7
"Plant 11",0.125,"P100",2,"Plant 11 P100",1,8,7
"Plant 11",0,"P100",2,"Plant 11 P100",0,8,8
"Plant 11",0.125,"P100",2,"Plant 11 P100",1,8,7
"Plant 11",0.125,"P100",2,"Plant 11 P100",1,8,7
"Plant 11",0.25,"P100",2,"Plant 11 P100",2,8,6
"Plant 11",0,"P100",2,"Plant 11 P100",0,8,8
"Plant 11",0.125,"P100",2,"Plant 11 P100",1,8,7
"Plant 12",0.375,"P100",2,"Plant 12 P100",3,8,5
"Plant 12",0.125,"P100",2,"Plant 12 P100",1,8,7
"Plant 12",0.125,"P100",2,"Plant 12 P100",1,8,7
"Plant 12",0,"P100",2,"Plant 12 P100",0,8,8
"Plant 12",0,"P100",2,"Plant 12 P100",0,8,8
"Plant 12",0,"P100",2,"Plant 12 P100",0,8,8
"Plant 12",0,"P100",2,"Plant 12 P100",0,8,8
"Plant 12",0,"P100",2,"Plant 12 P100",0,8,8
"Plant 13",0,"P100",2,"Plant 13 P100",0,8,8
"Plant 13",0,"P100",2,"Plant 13 P100",0,8,8
"Plant 13",0.375,"P100",2,"Plant 13 P100",3,8,5
"Plant 13",0.25,"P100",2,"Plant 13 P100",2,8,6
"Plant 13",0.25,"P100",2,"Plant 13 P100",2,8,6
"Plant 13",0.125,"P100",2,"Plant 13 P100",1,8,7
"Plant 13",0,"P100",2,"Plant 13 P100",0,8,8
"Plant 13",0,"P100",2,"Plant 13 P100",0,8,8
"Plant 14",0.5,"P100",2,"Plant 14 P100",4,8,4
"Plant 14",0.125,"P100",2,"Plant 14 P100",1,8,7
"Plant 14",0.25,"P100",2,"Plant 14 P100",2,8,6
"Plant 14",0.375,"P100",2,"Plant 14 P100",3,8,5
"Plant 14",0.375,"P100",2,"Plant 14 P100",3,8,5
"Plant 14",0.625,"P100",2,"Plant 14 P100",5,8,3
"Plant 14",0.375,"P100",2,"Plant 14 P100",3,8,5
"Plant 14",0.125,"P100",2,"Plant 14 P100",1,8,7
"Plant 02",0.375,"P100",3,"Plant 02 P100",3,8,5
"Plant 02",0.125,"P100",3,"Plant 02 P100",1,8,7
"Plant 02",0.125,"P100",3,"Plant 02 P100",1,8,7
"Plant 02",0,"P100",3,"Plant 02 P100",0,8,8
"Plant 02",0.25,"P100",3,"Plant 02 P100",2,8,6
"Plant 02",0,"P100",3,"Plant 02 P100",0,8,8
"Plant 02",0,"P100",3,"Plant 02 P100",0,8,8
"Plant 03",0.125,"P100",3,"Plant 03 P100",1,8,7
"Plant 03",0,"P100",3,"Plant 03 P100",0,8,8
"Plant 03",0,"P100",3,"Plant 03 P100",0,8,8
"Plant 03",0.25,"P100",3,"Plant 03 P100",2,8,6
"Plant 03",0.125,"P100",3,"Plant 03 P100",1,8,7
"Plant 03",0,"P100",3,"Plant 03 P100",0,8,8
"Plant 03",0,"P100",3,"Plant 03 P100",0,8,8
"Plant 05",0.25,"P100",3,"Plant 05 P100",2,8,6
"Plant 05",0.25,"P100",3,"Plant 05 P100",2,8,6
"Plant 05",0.5,"P100",3,"Plant 05 P100",4,8,4
"Plant 05",0.125,"P100",3,"Plant 05 P100",1,8,7
"Plant 07",0.25,"P100",3,"Plant 07 P100",2,8,6
"Plant 07",0.375,"P100",3,"Plant 07 P100",3,8,5
"Plant 07",0.125,"P100",3,"Plant 07 P100",1,8,7
"Plant 07",0.25,"P100",3,"Plant 07 P100",2,8,6
"Plant 07",0,"P100",3,"Plant 07 P100",0,8,8
"Plant 07",0.375,"P100",3,"Plant 07 P100",3,8,5
"Plant 07",0.375,"P100",3,"Plant 07 P100",3,8,5
"Plant 07",0.25,"P100",3,"Plant 07 P100",2,8,6
"Plant 10",1,"P100",3,"Plant 10 P100",8,8,0
"Plant 10",0.5,"P100",3,"Plant 10 P100",4,8,4
"Plant 10",0.375,"P100",3,"Plant 10 P100",3,8,5
"Plant 10",0.375,"P100",3,"Plant 10 P100",3,8,5
"Plant 10",0.25,"P100",3,"Plant 10 P100",2,8,6
"Plant 10",0.5,"P100",3,"Plant 10 P100",4,8,4
"Plant 10",0,"P100",3,"Plant 10 P100",0,8,8
"Plant 10",0.625,"P100",3,"Plant 10 P100",5,8,3
"Plant 11",0,"P100",3,"Plant 11 P100",0,8,8
"Plant 11",0,"P100",3,"Plant 11 P100",0,8,8
"Plant 11",0,"P100",3,"Plant 11 P100",0,8,8
"Plant 11",0,"P100",3,"Plant 11 P100",0,8,8
"Plant 11",0,"P100",3,"Plant 11 P100",0,8,8
"Plant 11",0,"P100",3,"Plant 11 P100",0,8,8
"Plant 11",0,"P100",3,"Plant 11 P100",0,8,8
"Plant 11",0,"P100",3,"Plant 11 P100",0,8,8
"Plant 12",0.25,"P100",3,"Plant 12 P100",2,8,6
"Plant 12",0.5,"P100",3,"Plant 12 P100",4,8,4
"Plant 12",0.125,"P100",3,"Plant 12 P100",1,8,7
"Plant 12",0.125,"P100",3,"Plant 12 P100",1,8,7
"Plant 12",0,"P100",3,"Plant 12 P100",0,8,8
"Plant 13",0.25,"P100",3,"Plant 13 P100",2,8,6
"Plant 13",0.25,"P100",3,"Plant 13 P100",2,8,6
"Plant 13",0.25,"P100",3,"Plant 13 P100",2,8,6
"Plant 13",0.5,"P100",3,"Plant 13 P100",4,8,4
"Plant 13",0.5,"P100",3,"Plant 13 P100",4,8,4
"Plant 13",0,"P100",3,"Plant 13 P100",0,8,8
"Plant 14",0.25,"P100",3,"Plant 14 P100",2,8,6
"Plant 14",0,"P100",3,"Plant 14 P100",0,8,8
"Plant 14",0,"P100",3,"Plant 14 P100",0,8,8
"Plant 14",0,"P100",3,"Plant 14 P100",0,8,8
"Plant 14",0.125,"P100",3,"Plant 14 P100",1,8,7
"Plant 14",0.125,"P100",3,"Plant 14 P100",1,8,7
"Plant 14",0.125,"P100",3,"Plant 14 P100",1,8,7
"Plant 14",0,"P100",3,"Plant 14 P100",0,8,8
"Plant 02",0.125,"P078",1,"Plant 02 P078",1,8,7
"Plant 02",0.25,"P078",1,"Plant 02 P078",2,8,6
"Plant 02",0,"P078",1,"Plant 02 P078",0,8,8
"Plant 02",0.25,"P078",1,"Plant 02 P078",2,8,6
"Plant 02",0.25,"P078",1,"Plant 02 P078",2,8,6
"Plant 03",0.5,"P078",1,"Plant 03 P078",4,8,4
"Plant 03",0.375,"P078",1,"Plant 03 P078",3,8,5
"Plant 03",0.5,"P078",1,"Plant 03 P078",4,8,4
"Plant 03",0.25,"P078",1,"Plant 03 P078",2,8,6
"Plant 03",0.25,"P078",1,"Plant 03 P078",2,8,6
"Plant 05",0.5,"P078",1,"Plant 05 P078",4,8,4
"Plant 05",0.375,"P078",1,"Plant 05 P078",3,8,5
"Plant 05",0.125,"P078",1,"Plant 05 P078",1,8,7
"Plant 05",0.25,"P078",1,"Plant 05 P078",2,8,6
"Plant 05",0.375,"P078",1,"Plant 05 P078",3,8,5
"Plant 05",0.625,"P078",1,"Plant 05 P078",5,8,3
"Plant 05",0.25,"P078",1,"Plant 05 P078",2,8,6
"Plant 05",0.375,"P078",1,"Plant 05 P078",3,8,5
"Plant 07",0.625,"P078",1,"Plant 07 P078",5,8,3
"Plant 07",0.125,"P078",1,"Plant 07 P078",1,8,7
"Plant 07",0.5,"P078",1,"Plant 07 P078",4,8,4
"Plant 07",0.25,"P078",1,"Plant 07 P078",2,8,6
"Plant 07",0.625,"P078",1,"Plant 07 P078",5,8,3
"Plant 07",0.625,"P078",1,"Plant 07 P078",5,8,3
"Plant 07",0.375,"P078",1,"Plant 07 P078",3,8,5
"Plant 07",0.25,"P078",1,"Plant 07 P078",2,8,6
"Plant 10",0.75,"P078",1,"Plant 10 P078",6,8,2
"Plant 10",0.375,"P078",1,"Plant 10 P078",3,8,5
"Plant 10",0.5,"P078",1,"Plant 10 P078",4,8,4
"Plant 10",0.5,"P078",1,"Plant 10 P078",4,8,4
"Plant 10",0.375,"P078",1,"Plant 10 P078",3,8,5
"Plant 11",0,"P078",1,"Plant 11 P078",0,8,8
"Plant 11",0.375,"P078",1,"Plant 11 P078",3,8,5
"Plant 11",0.25,"P078",1,"Plant 11 P078",2,8,6
"Plant 11",0.25,"P078",1,"Plant 11 P078",2,8,6
"Plant 11",0,"P078",1,"Plant 11 P078",0,8,8
"Plant 11",0,"P078",1,"Plant 11 P078",0,8,8
"Plant 11",0.25,"P078",1,"Plant 11 P078",2,8,6
"Plant 11",0.125,"P078",1,"Plant 11 P078",1,8,7
"Plant 12",0.125,"P078",1,"Plant 12 P078",1,8,7
"Plant 12",0.375,"P078",1,"Plant 12 P078",3,8,5
"Plant 12",0.125,"P078",1,"Plant 12 P078",1,8,7
"Plant 12",0.25,"P078",1,"Plant 12 P078",2,8,6
"Plant 12",0.5,"P078",1,"Plant 12 P078",4,8,4
"Plant 12",0.25,"P078",1,"Plant 12 P078",2,8,6
"Plant 13",0.125,"P078",1,"Plant 13 P078",1,8,7
"Plant 13",0,"P078",1,"Plant 13 P078",0,8,8
"Plant 13",0,"P078",1,"Plant 13 P078",0,8,8
"Plant 14",0.375,"P078",1,"Plant 14 P078",3,8,5
"Plant 14",0.375,"P078",1,"Plant 14 P078",3,8,5
"Plant 14",0,"P078",1,"Plant 14 P078",0,8,8
"Plant 14",0.375,"P078",1,"Plant 14 P078",3,8,5
"Plant 14",0.25,"P078",1,"Plant 14 P078",2,8,6
"Plant 14",0.125,"P078",1,"Plant 14 P078",1,8,7
"Plant 14",0.125,"P078",1,"Plant 14 P078",1,8,7
"Plant 14",0.25,"P078",1,"Plant 14 P078",2,8,6
"Plant 02",0.125,"P078",2,"Plant 02 P078",1,8,7
"Plant 02",0.125,"P078",2,"Plant 02 P078",1,8,7
"Plant 02",0,"P078",2,"Plant 02 P078",0,8,8
"Plant 02",0,"P078",2,"Plant 02 P078",0,8,8
"Plant 02",0,"P078",2,"Plant 02 P078",0,8,8
"Plant 02",0,"P078",2,"Plant 02 P078",0,8,8
"Plant 02",0,"P078",2,"Plant 02 P078",0,8,8
"Plant 02",0,"P078",2,"Plant 02 P078",0,8,8
"Plant 03",0.125,"P078",2,"Plant 03 P078",1,8,7
"Plant 03",0.125,"P078",2,"Plant 03 P078",1,8,7
"Plant 03",0.25,"P078",2,"Plant 03 P078",2,8,6
"Plant 03",0.125,"P078",2,"Plant 03 P078",1,8,7
"Plant 03",0,"P078",2,"Plant 03 P078",0,8,8
"Plant 03",0,"P078",2,"Plant 03 P078",0,8,8
"Plant 03",0,"P078",2,"Plant 03 P078",0,8,8
"Plant 03",0,"P078",2,"Plant 03 P078",0,8,8
"Plant 05",0.125,"P078",2,"Plant 05 P078",1,8,7
"Plant 05",0,"P078",2,"Plant 05 P078",0,8,8
"Plant 05",0,"P078",2,"Plant 05 P078",0,8,8
"Plant 05",0,"P078",2,"Plant 05 P078",0,8,8
"Plant 05",0,"P078",2,"Plant 05 P078",0,8,8
"Plant 05",0,"P078",2,"Plant 05 P078",0,8,8
"Plant 05",0,"P078",2,"Plant 05 P078",0,8,8
"Plant 05",0,"P078",2,"Plant 05 P078",0,8,8
"Plant 07",0.25,"P078",2,"Plant 07 P078",2,8,6
"Plant 07",0.25,"P078",2,"Plant 07 P078",2,8,6
"Plant 07",0,"P078",2,"Plant 07 P078",0,8,8
"Plant 07",0,"P078",2,"Plant 07 P078",0,8,8
"Plant 07",0,"P078",2,"Plant 07 P078",0,8,8
"Plant 07",0,"P078",2,"Plant 07 P078",0,8,8
"Plant 07",0,"P078",2,"Plant 07 P078",0,8,8
"Plant 07",0,"P078",2,"Plant 07 P078",0,8,8
"Plant 10",0.125,"P078",2,"Plant 10 P078",1,8,7
"Plant 10",0.375,"P078",2,"Plant 10 P078",3,8,5
"Plant 10",1,"P078",2,"Plant 10 P078",8,8,0
"Plant 10",0,"P078",2,"Plant 10 P078",0,8,8
"Plant 10",0,"P078",2,"Plant 10 P078",0,8,8
"Plant 10",0,"P078",2,"Plant 10 P078",0,8,8
"Plant 10",0,"P078",2,"Plant 10 P078",0,8,8
"Plant 10",0,"P078",2,"Plant 10 P078",0,8,8
"Plant 11",0.125,"P078",2,"Plant 11 P078",1,8,7
"Plant 11",0,"P078",2,"Plant 11 P078",0,8,8
"Plant 11",0,"P078",2,"Plant 11 P078",0,8,8
"Plant 11",0,"P078",2,"Plant 11 P078",0,8,8
"Plant 11",0,"P078",2,"Plant 11 P078",0,8,8
"Plant 11",0,"P078",2,"Plant 11 P078",0,8,8
"Plant 11",0,"P078",2,"Plant 11 P078",0,8,8
"Plant 11",0,"P078",2,"Plant 11 P078",0,8,8
"Plant 12",0.125,"P078",2,"Plant 12 P078",1,8,7
"Plant 12",0,"P078",2,"Plant 12 P078",0,8,8
"Plant 12",0,"P078",2,"Plant 12 P078",0,8,8
"Plant 12",0,"P078",2,"Plant 12 P078",0,8,8
"Plant 12",0,"P078",2,"Plant 12 P078",0,8,8
"Plant 12",0,"P078",2,"Plant 12 P078",0,8,8
"Plant 12",0,"P078",2,"Plant 12 P078",0,8,8
"Plant 12",0,"P078",2,"Plant 12 P078",0,8,8
"Plant 13",0.125,"P078",2,"Plant 13 P078",1,8,7
"Plant 13",0.125,"P078",2,"Plant 13 P078",1,8,7
"Plant 13",0,"P078",2,"Plant 13 P078",0,8,8
"Plant 13",0,"P078",2,"Plant 13 P078",0,8,8
"Plant 13",0,"P078",2,"Plant 13 P078",0,8,8
"Plant 13",0,"P078",2,"Plant 13 P078",0,8,8
"Plant 13",0,"P078",2,"Plant 13 P078",0,8,8
"Plant 13",0,"P078",2,"Plant 13 P078",0,8,8
"Plant 14",0,"P078",2,"Plant 14 P078",0,8,8
"Plant 14",0,"P078",2,"Plant 14 P078",0,8,8
"Plant 14",0,"P078",2,"Plant 14 P078",0,8,8
"Plant 14",0,"P078",2,"Plant 14 P078",0,8,8
"Plant 14",0,"P078",2,"Plant 14 P078",0,8,8
"Plant 14",0,"P078",2,"Plant 14 P078",0,8,8
"Plant 14",0,"P078",2,"Plant 14 P078",0,8,8
"Plant 14",0,"P078",2,"Plant 14 P078",0,8,8
"Plant 02",0.125,"P078",3,"Plant 02 P078",1,8,7
"Plant 02",0.25,"P078",3,"Plant 02 P078",2,8,6
"Plant 02",0.125,"P078",3,"Plant 02 P078",1,8,7
"Plant 02",0.125,"P078",3,"Plant 02 P078",1,8,7
"Plant 02",0.125,"P078",3,"Plant 02 P078",1,8,7
"Plant 02",0.125,"P078",3,"Plant 02 P078",1,8,7
"Plant 02",0,"P078",3,"Plant 02 P078",0,8,8
"Plant 03",0.125,"P078",3,"Plant 03 P078",1,8,7
"Plant 03",0,"P078",3,"Plant 03 P078",0,8,8
"Plant 03",0.375,"P078",3,"Plant 03 P078",3,8,5
"Plant 03",0,"P078",3,"Plant 03 P078",0,8,8
"Plant 03",0.25,"P078",3,"Plant 03 P078",2,8,6
"Plant 03",0.125,"P078",3,"Plant 03 P078",1,8,7
"Plant 03",0.25,"P078",3,"Plant 03 P078",2,8,6
"Plant 05",0,"P078",3,"Plant 05 P078",0,8,8
"Plant 05",0.125,"P078",3,"Plant 05 P078",1,8,7
"Plant 05",0.125,"P078",3,"Plant 05 P078",1,8,7
"Plant 05",0.125,"P078",3,"Plant 05 P078",1,8,7
"Plant 05",0.25,"P078",3,"Plant 05 P078",2,8,6
"Plant 05",0.125,"P078",3,"Plant 05 P078",1,8,7
"Plant 05",0.125,"P078",3,"Plant 05 P078",1,8,7
"Plant 07",0.25,"P078",3,"Plant 07 P078",2,8,6
"Plant 07",0.125,"P078",3,"Plant 07 P078",1,8,7
"Plant 07",0,"P078",3,"Plant 07 P078",0,8,8
"Plant 07",0,"P078",3,"Plant 07 P078",0,8,8
"Plant 07",0,"P078",3,"Plant 07 P078",0,8,8
"Plant 07",0.375,"P078",3,"Plant 07 P078",3,8,5
"Plant 07",0.25,"P078",3,"Plant 07 P078",2,8,6
"Plant 07",0,"P078",3,"Plant 07 P078",0,8,8
"Plant 10",0,"P078",3,"Plant 10 P078",0,8,8
"Plant 10",0.5,"P078",3,"Plant 10 P078",4,8,4
"Plant 10",0.125,"P078",3,"Plant 10 P078",1,8,7
"Plant 10",0.375,"P078",3,"Plant 10 P078",3,8,5
"Plant 10",0.375,"P078",3,"Plant 10 P078",3,8,5
"Plant 10",0.375,"P078",3,"Plant 10 P078",3,8,5
"Plant 10",0.25,"P078",3,"Plant 10 P078",2,8,6
"Plant 11",0,"P078",3,"Plant 11 P078",0,8,8
"Plant 11",0,"P078",3,"Plant 11 P078",0,8,8
"Plant 11",0,"P078",3,"Plant 11 P078",0,8,8
"Plant 11",0,"P078",3,"Plant 11 P078",0,8,8
"Plant 11",0,"P078",3,"Plant 11 P078",0,8,8
"Plant 11",0,"P078",3,"Plant 11 P078",0,8,8
"Plant 11",0.125,"P078",3,"Plant 11 P078",1,8,7
"Plant 11",0.125,"P078",3,"Plant 11 P078",1,8,7
"Plant 12",0.125,"P078",3,"Plant 12 P078",1,8,7
"Plant 12",0,"P078",3,"Plant 12 P078",0,8,8
"Plant 12",0,"P078",3,"Plant 12 P078",0,8,8
"Plant 12",0,"P078",3,"Plant 12 P078",0,8,8
"Plant 12",0.125,"P078",3,"Plant 12 P078",1,8,7
"Plant 12",0.125,"P078",3,"Plant 12 P078",1,8,7
"Plant 12",0,"P078",3,"Plant 12 P078",0,8,8
"Plant 12",0,"P078",3,"Plant 12 P078",0,8,8
"Plant 13",0.125,"P078",3,"Plant 13 P078",1,8,7
"Plant 13",0,"P078",3,"Plant 13 P078",0,8,8
"Plant 13",0,"P078",3,"Plant 13 P078",0,8,8
"Plant 13",0,"P078",3,"Plant 13 P078",0,8,8
"Plant 13",0,"P078",3,"Plant 13 P078",0,8,8
"Plant 13",0,"P078",3,"Plant 13 P078",0,8,8
"Plant 13",0.375,"P078",3,"Plant 13 P078",3,8,5
"Plant 13",0.125,"P078",3,"Plant 13 P078",1,8,7
"Plant 14",0,"P078",3,"Plant 14 P078",0,8,8
"Plant 14",0.125,"P078",3,"Plant 14 P078",1,8,7
"Plant 14",0,"P078",3,"Plant 14 P078",0,8,8
"Plant 14",0,"P078",3,"Plant 14 P078",0,8,8
"Plant 14",0,"P078",3,"Plant 14 P078",0,8,8
"Plant 14",0,"P078",3,"Plant 14 P078",0,8,8
"Plant 14",0.5,"P078",3,"Plant 14 P078",4,8,4
"Plant 14",0.125,"P078",3,"Plant 14 P078",1,8,7
"Plant 02",0.625,"P054",1,"Plant 02 P054",5,8,3
"Plant 02",0.5,"P054",1,"Plant 02 P054",4,8,4
"Plant 02",0.125,"P054",1,"Plant 02 P054",1,8,7
"Plant 02",0.75,"P054",1,"Plant 02 P054",6,8,2
"Plant 02",0.5,"P054",1,"Plant 02 P054",4,8,4
"Plant 02",0.375,"P054",1,"Plant 02 P054",3,8,5
"Plant 02",0.375,"P054",1,"Plant 02 P054",3,8,5
"Plant 02",0.375,"P054",1,"Plant 02 P054",3,8,5
"Plant 03",0.125,"P054",1,"Plant 03 P054",1,8,7
"Plant 03",0.125,"P054",1,"Plant 03 P054",1,8,7
"Plant 03",0.625,"P054",1,"Plant 03 P054",5,8,3
"Plant 03",0.375,"P054",1,"Plant 03 P054",3,8,5
"Plant 03",0.375,"P054",1,"Plant 03 P054",3,8,5
"Plant 03",0,"P054",1,"Plant 03 P054",0,8,8
"Plant 03",0.625,"P054",1,"Plant 03 P054",5,8,3
"Plant 05",0.5,"P054",1,"Plant 05 P054",4,8,4
"Plant 05",0.625,"P054",1,"Plant 05 P054",5,8,3
"Plant 05",0.5,"P054",1,"Plant 05 P054",4,8,4
"Plant 05",0.25,"P054",1,"Plant 05 P054",2,8,6
"Plant 07",0.25,"P054",1,"Plant 07 P054",2,8,6
"Plant 07",0.25,"P054",1,"Plant 07 P054",2,8,6
"Plant 07",0.25,"P054",1,"Plant 07 P054",2,8,6
"Plant 07",0.375,"P054",1,"Plant 07 P054",3,8,5
"Plant 07",0.25,"P054",1,"Plant 07 P054",2,8,6
"Plant 07",0.375,"P054",1,"Plant 07 P054",3,8,5
"Plant 07",0.375,"P054",1,"Plant 07 P054",3,8,5
"Plant 07",0.625,"P054",1,"Plant 07 P054",5,8,3
"Plant 10",0.5,"P054",1,"Plant 10 P054",4,8,4
"Plant 10",0.5,"P054",1,"Plant 10 P054",4,8,4
"Plant 10",0.375,"P054",1,"Plant 10 P054",3,8,5
"Plant 10",0.375,"P054",1,"Plant 10 P054",3,8,5
"Plant 10",0.375,"P054",1,"Plant 10 P054",3,8,5
"Plant 10",0.125,"P054",1,"Plant 10 P054",1,8,7
"Plant 10",0.375,"P054",1,"Plant 10 P054",3,8,5
"Plant 10",0.375,"P054",1,"Plant 10 P054",3,8,5
"Plant 11",0,"P054",1,"Plant 11 P054",0,8,8
"Plant 11",0.125,"P054",1,"Plant 11 P054",1,8,7
"Plant 11",0.25,"P054",1,"Plant 11 P054",2,8,6
"Plant 11",0,"P054",1,"Plant 11 P054",0,8,8
"Plant 11",0.375,"P054",1,"Plant 11 P054",3,8,5
"Plant 11",0,"P054",1,"Plant 11 P054",0,8,8
"Plant 11",0.25,"P054",1,"Plant 11 P054",2,8,6
"Plant 11",0,"P054",1,"Plant 11 P054",0,8,8
"Plant 12",0.4,"P054",1,"Plant 12 P054",2,5,3
"Plant 12",0.25,"P054",1,"Plant 12 P054",2,8,6
"Plant 12",0.125,"P054",1,"Plant 12 P054",1,8,7
"Plant 12",0.25,"P054",1,"Plant 12 P054",2,8,6
"Plant 12",0.125,"P054",1,"Plant 12 P054",1,8,7
"Plant 12",0.125,"P054",1,"Plant 12 P054",1,8,7
"Plant 12",0.125,"P054",1,"Plant 12 P054",1,8,7
"Plant 12",0,"P054",1,"Plant 12 P054",0,8,8
"Plant 13",0,"P054",1,"Plant 13 P054",0,8,8
"Plant 13",0.5,"P054",1,"Plant 13 P054",4,8,4
"Plant 13",0.5,"P054",1,"Plant 13 P054",4,8,4
"Plant 13",0.5,"P054",1,"Plant 13 P054",4,8,4
"Plant 13",0.125,"P054",1,"Plant 13 P054",1,8,7
"Plant 13",0.5,"P054",1,"Plant 13 P054",4,8,4
"Plant 13",0.125,"P054",1,"Plant 13 P054",1,8,7
"Plant 13",0,"P054",1,"Plant 13 P054",0,8,8
"Plant 14",0.375,"P054",1,"Plant 14 P054",3,8,5
"Plant 14",0.375,"P054",1,"Plant 14 P054",3,8,5
"Plant 14",0.375,"P054",1,"Plant 14 P054",3,8,5
"Plant 14",0.125,"P054",1,"Plant 14 P054",1,8,7
"Plant 14",0.25,"P054",1,"Plant 14 P054",2,8,6
"Plant 14",0.5,"P054",1,"Plant 14 P054",4,8,4
"Plant 14",0.25,"P054",1,"Plant 14 P054",2,8,6
"Plant 14",0.375,"P054",1,"Plant 14 P054",3,8,5
"Plant 02",0,"P054",2,"Plant 02 P054",0,8,8
"Plant 02",0,"P054",2,"Plant 02 P054",0,8,8
"Plant 02",0,"P054",2,"Plant 02 P054",0,8,8
"Plant 02",0,"P054",2,"Plant 02 P054",0,8,8
"Plant 02",0,"P054",2,"Plant 02 P054",0,8,8
"Plant 02",0,"P054",2,"Plant 02 P054",0,8,8
"Plant 02",0,"P054",2,"Plant 02 P054",0,8,8
"Plant 02",0,"P054",2,"Plant 02 P054",0,8,8
"Plant 03",0,"P054",2,"Plant 03 P054",0,8,8
"Plant 03",0,"P054",2,"Plant 03 P054",0,8,8
"Plant 03",0,"P054",2,"Plant 03 P054",0,8,8
"Plant 03",0,"P054",2,"Plant 03 P054",0,8,8
"Plant 03",0,"P054",2,"Plant 03 P054",0,8,8
"Plant 03",0,"P054",2,"Plant 03 P054",0,8,8
"Plant 03",0,"P054",2,"Plant 03 P054",0,8,8
"Plant 03",0,"P054",2,"Plant 03 P054",0,8,8
"Plant 05",0.125,"P054",2,"Plant 05 P054",1,8,7
"Plant 05",0.125,"P054",2,"Plant 05 P054",1,8,7
"Plant 05",0,"P054",2,"Plant 05 P054",0,8,8
"Plant 05",0,"P054",2,"Plant 05 P054",0,8,8
"Plant 05",0,"P054",2,"Plant 05 P054",0,8,8
"Plant 05",0,"P054",2,"Plant 05 P054",0,8,8
"Plant 05",0,"P054",2,"Plant 05 P054",0,8,8
"Plant 05",0,"P054",2,"Plant 05 P054",0,8,8
"Plant 07",0.125,"P054",2,"Plant 07 P054",1,8,7
"Plant 07",0,"P054",2,"Plant 07 P054",0,8,8
"Plant 07",0,"P054",2,"Plant 07 P054",0,8,8
"Plant 07",0,"P054",2,"Plant 07 P054",0,8,8
"Plant 07",0,"P054",2,"Plant 07 P054",0,8,8
"Plant 07",0,"P054",2,"Plant 07 P054",0,8,8
"Plant 07",0,"P054",2,"Plant 07 P054",0,8,8
"Plant 07",0,"P054",2,"Plant 07 P054",0,8,8
"Plant 10",0,"P054",2,"Plant 10 P054",0,8,8
"Plant 10",0,"P054",2,"Plant 10 P054",0,8,8
"Plant 10",0,"P054",2,"Plant 10 P054",0,8,8
"Plant 10",0,"P054",2,"Plant 10 P054",0,8,8
"Plant 10",0.125,"P054",2,"Plant 10 P054",1,8,7
"Plant 10",0.25,"P054",2,"Plant 10 P054",2,8,6
"Plant 10",0,"P054",2,"Plant 10 P054",0,8,8
"Plant 10",0,"P054",2,"Plant 10 P054",0,8,8
"Plant 11",0,"P054",2,"Plant 11 P054",0,8,8
"Plant 11",0,"P054",2,"Plant 11 P054",0,8,8
"Plant 11",0,"P054",2,"Plant 11 P054",0,8,8
"Plant 11",0,"P054",2,"Plant 11 P054",0,8,8
"Plant 11",0,"P054",2,"Plant 11 P054",0,8,8
"Plant 11",0,"P054",2,"Plant 11 P054",0,8,8
"Plant 11",0,"P054",2,"Plant 11 P054",0,8,8
"Plant 11",0,"P054",2,"Plant 11 P054",0,8,8
"Plant 12",0,"P054",2,"Plant 12 P054",0,8,8
"Plant 12",0,"P054",2,"Plant 12 P054",0,8,8
"Plant 12",0,"P054",2,"Plant 12 P054",0,8,8
"Plant 12",0.125,"P054",2,"Plant 12 P054",1,8,7
"Plant 12",0.125,"P054",2,"Plant 12 P054",1,8,7
"Plant 12",0.125,"P054",2,"Plant 12 P054",1,8,7
"Plant 12",0.125,"P054",2,"Plant 12 P054",1,8,7
"Plant 12",0.125,"P054",2,"Plant 12 P054",1,8,7
"Plant 13",0.25,"P054",2,"Plant 13 P054",2,8,6
"Plant 13",0,"P054",2,"Plant 13 P054",0,8,8
"Plant 13",0,"P054",2,"Plant 13 P054",0,8,8
"Plant 13",0,"P054",2,"Plant 13 P054",0,8,8
"Plant 13",0,"P054",2,"Plant 13 P054",0,8,8
"Plant 13",0,"P054",2,"Plant 13 P054",0,8,8
"Plant 13",0,"P054",2,"Plant 13 P054",0,8,8
"Plant 13",0,"P054",2,"Plant 13 P054",0,8,8
"Plant 14",0,"P054",2,"Plant 14 P054",0,8,8
"Plant 14",0,"P054",2,"Plant 14 P054",0,8,8
"Plant 14",0,"P054",2,"Plant 14 P054",0,8,8
"Plant 14",0,"P054",2,"Plant 14 P054",0,8,8
"Plant 14",0,"P054",2,"Plant 14 P054",0,8,8
"Plant 14",0,"P054",2,"Plant 14 P054",0,8,8
"Plant 14",0,"P054",2,"Plant 14 P054",0,8,8
"Plant 14",0,"P054",2,"Plant 14 P054",0,8,8
"Plant 02",0.25,"P054",3,"Plant 02 P054",2,8,6
"Plant 02",0,"P054",3,"Plant 02 P054",0,8,8
"Plant 02",0,"P054",3,"Plant 02 P054",0,8,8
"Plant 02",0,"P054",3,"Plant 02 P054",0,8,8
"Plant 02",0,"P054",3,"Plant 02 P054",0,8,8
"Plant 02",0,"P054",3,"Plant 02 P054",0,8,8
"Plant 02",0.5,"P054",3,"Plant 02 P054",4,8,4
"Plant 02",0.125,"P054",3,"Plant 02 P054",1,8,7
"Plant 03",0.125,"P054",3,"Plant 03 P054",1,8,7
"Plant 03",0,"P054",3,"Plant 03 P054",0,8,8
"Plant 03",0,"P054",3,"Plant 03 P054",0,8,8
"Plant 03",0.25,"P054",3,"Plant 03 P054",2,8,6
"Plant 03",0,"P054",3,"Plant 03 P054",0,8,8
"Plant 03",0.125,"P054",3,"Plant 03 P054",1,8,7
"Plant 03",0.125,"P054",3,"Plant 03 P054",1,8,7
"Plant 03",0.125,"P054",3,"Plant 03 P054",1,8,7
"Plant 05",0,"P054",3,"Plant 05 P054",0,8,8
"Plant 05",0.25,"P054",3,"Plant 05 P054",2,8,6
"Plant 05",0.25,"P054",3,"Plant 05 P054",2,8,6
"Plant 05",0.125,"P054",3,"Plant 05 P054",1,8,7
"Plant 05",0.125,"P054",3,"Plant 05 P054",1,8,7
"Plant 05",0.125,"P054",3,"Plant 05 P054",1,8,7
"Plant 05",0,"P054",3,"Plant 05 P054",0,8,8
"Plant 05",0.25,"P054",3,"Plant 05 P054",2,8,6
"Plant 07",0,"P054",3,"Plant 07 P054",0,8,8
"Plant 07",0,"P054",3,"Plant 07 P054",0,8,8
"Plant 07",0.25,"P054",3,"Plant 07 P054",2,8,6
"Plant 07",0.125,"P054",3,"Plant 07 P054",1,8,7
"Plant 07",0,"P054",3,"Plant 07 P054",0,8,8
"Plant 07",0,"P054",3,"Plant 07 P054",0,8,8
"Plant 07",0.125,"P054",3,"Plant 07 P054",1,8,7
"Plant 07",0,"P054",3,"Plant 07 P054",0,8,8
"Plant 10",0.25,"P054",3,"Plant 10 P054",2,8,6
"Plant 10",0.25,"P054",3,"Plant 10 P054",2,8,6
"Plant 10",0.25,"P054",3,"Plant 10 P054",2,8,6
"Plant 10",0,"P054",3,"Plant 10 P054",0,8,8
"Plant 10",0.125,"P054",3,"Plant 10 P054",1,8,7
"Plant 10",0.375,"P054",3,"Plant 10 P054",3,8,5
"Plant 10",0.375,"P054",3,"Plant 10 P054",3,8,5
"Plant 11",0,"P054",3,"Plant 11 P054",0,8,8
"Plant 11",0,"P054",3,"Plant 11 P054",0,8,8
"Plant 11",0,"P054",3,"Plant 11 P054",0,8,8
"Plant 11",0,"P054",3,"Plant 11 P054",0,8,8
"Plant 11",0,"P054",3,"Plant 11 P054",0,8,8
"Plant 11",0.125,"P054",3,"Plant 11 P054",1,8,7
"Plant 11",0.125,"P054",3,"Plant 11 P054",1,8,7
"Plant 11",0.125,"P054",3,"Plant 11 P054",1,8,7
"Plant 12",0.125,"P054",3,"Plant 12 P054",1,8,7
"Plant 12",0.125,"P054",3,"Plant 12 P054",1,8,7
"Plant 12",0.125,"P054",3,"Plant 12 P054",1,8,7
"Plant 12",0.2,"P054",3,"Plant 12 P054",2,10,8
"Plant 12",0.5,"P054",3,"Plant 12 P054",4,8,4
"Plant 12",0.25,"P054",3,"Plant 12 P054",2,8,6
"Plant 12",0.25,"P054",3,"Plant 12 P054",2,8,6
"Plant 13",0.25,"P054",3,"Plant 13 P054",2,8,6
"Plant 13",0,"P054",3,"Plant 13 P054",0,8,8
"Plant 13",0.25,"P054",3,"Plant 13 P054",2,8,6
"Plant 13",0.125,"P054",3,"Plant 13 P054",1,8,7
"Plant 13",0.25,"P054",3,"Plant 13 P054",2,8,6
"Plant 13",0.125,"P054",3,"Plant 13 P054",1,8,7
"Plant 13",0.125,"P054",3,"Plant 13 P054",1,8,7
"Plant 13",0.625,"P054",3,"Plant 13 P054",5,8,3
"Plant 14",0,"P054",3,"Plant 14 P054",0,8,8
"Plant 14",0,"P054",3,"Plant 14 P054",0,8,8
"Plant 14",0.25,"P054",3,"Plant 14 P054",2,8,6
"Plant 14",0.125,"P054",3,"Plant 14 P054",1,8,7
"Plant 14",0.25,"P054",3,"Plant 14 P054",2,8,6
"Plant 14",0.125,"P054",3,"Plant 14 P054",1,8,7
"Plant 14",0.125,"P054",3,"Plant 14 P054",1,8,7
"Plant 14",0.625,"P054",3,"Plant 14 P054",5,8,3
"Plant 02",0.625,"EC1",1,"Plant 02 EC1",5,8,3
"Plant 02",0.125,"EC1",1,"Plant 02 EC1",1,8,7
"Plant 02",0.375,"EC1",1,"Plant 02 EC1",3,8,5
"Plant 02",0.875,"EC1",1,"Plant 02 EC1",7,8,1
"Plant 02",0.625,"EC1",1,"Plant 02 EC1",5,8,3
"Plant 02",0.375,"EC1",1,"Plant 02 EC1",3,8,5
"Plant 02",0.625,"EC1",1,"Plant 02 EC1",5,8,3
"Plant 02",0.75,"EC1",1,"Plant 02 EC1",6,8,2
"Plant 03",0.625,"EC1",1,"Plant 03 EC1",5,8,3
"Plant 03",1,"EC1",1,"Plant 03 EC1",8,8,0
"Plant 03",1,"EC1",1,"Plant 03 EC1",8,8,0
"Plant 03",0.75,"EC1",1,"Plant 03 EC1",6,8,2
"Plant 03",0.625,"EC1",1,"Plant 03 EC1",5,8,3
"Plant 03",0.375,"EC1",1,"Plant 03 EC1",3,8,5
"Plant 03",0.875,"EC1",1,"Plant 03 EC1",7,8,1
"Plant 03",0.625,"EC1",1,"Plant 03 EC1",5,8,3
"Plant 05",0.625,"EC1",1,"Plant 05 EC1",5,8,3
"Plant 05",0.875,"EC1",1,"Plant 05 EC1",7,8,1
"Plant 05",1,"EC1",1,"Plant 05 EC1",8,8,0
"Plant 05",0.875,"EC1",1,"Plant 05 EC1",7,8,1
"Plant 05",0.625,"EC1",1,"Plant 05 EC1",5,8,3
"Plant 05",0.75,"EC1",1,"Plant 05 EC1",6,8,2
"Plant 05",0.625,"EC1",1,"Plant 05 EC1",5,8,3
"Plant 05",1,"EC1",1,"Plant 05 EC1",8,8,0
"Plant 07",0.625,"EC1",1,"Plant 07 EC1",5,8,3
"Plant 07",0.75,"EC1",1,"Plant 07 EC1",6,8,2
"Plant 07",0.625,"EC1",1,"Plant 07 EC1",5,8,3
"Plant 07",0.625,"EC1",1,"Plant 07 EC1",5,8,3
"Plant 07",0.625,"EC1",1,"Plant 07 EC1",5,8,3
"Plant 07",0.75,"EC1",1,"Plant 07 EC1",6,8,2
"Plant 07",0.625,"EC1",1,"Plant 07 EC1",5,8,3
"Plant 10",0.625,"EC1",1,"Plant 10 EC1",5,8,3
"Plant 10",0.875,"EC1",1,"Plant 10 EC1",7,8,1
"Plant 10",1,"EC1",1,"Plant 10 EC1",8,8,0
"Plant 10",1,"EC1",1,"Plant 10 EC1",8,8,0
"Plant 10",0.625,"EC1",1,"Plant 10 EC1",5,8,3
"Plant 10",0.875,"EC1",1,"Plant 10 EC1",7,8,1
"Plant 10",0.875,"EC1",1,"Plant 10 EC1",7,8,1
"Plant 10",1,"EC1",1,"Plant 10 EC1",8,8,0
"Plant 11",0.5,"EC1",1,"Plant 11 EC1",4,8,4
"Plant 11",0.5,"EC1",1,"Plant 11 EC1",4,8,4
"Plant 11",0.25,"EC1",1,"Plant 11 EC1",2,8,6
"Plant 11",0.25,"EC1",1,"Plant 11 EC1",2,8,6
"Plant 11",0.5,"EC1",1,"Plant 11 EC1",4,8,4
"Plant 11",0.125,"EC1",1,"Plant 11 EC1",1,8,7
"Plant 11",0.5,"EC1",1,"Plant 11 EC1",4,8,4
"Plant 11",0.125,"EC1",1,"Plant 11 EC1",1,8,7
"Plant 12",0.625,"EC1",1,"Plant 12 EC1",5,8,3
"Plant 12",0.625,"EC1",1,"Plant 12 EC1",5,8,3
"Plant 12",0.5,"EC1",1,"Plant 12 EC1",4,8,4
"Plant 12",0.5,"EC1",1,"Plant 12 EC1",4,8,4
"Plant 12",0.75,"EC1",1,"Plant 12 EC1",6,8,2
"Plant 12",0.875,"EC1",1,"Plant 12 EC1",7,8,1
"Plant 12",0.75,"EC1",1,"Plant 12 EC1",6,8,2
"Plant 12",0.75,"EC1",1,"Plant 12 EC1",6,8,2
"Plant 13",0.875,"EC1",1,"Plant 13 EC1",7,8,1
"Plant 13",0.125,"EC1",1,"Plant 13 EC1",1,8,7
"Plant 13",0.625,"EC1",1,"Plant 13 EC1",5,8,3
"Plant 13",1,"EC1",1,"Plant 13 EC1",8,8,0
"Plant 13",0.75,"EC1",1,"Plant 13 EC1",6,8,2
"Plant 13",0.25,"EC1",1,"Plant 13 EC1",2,8,6
"Plant 13",0.75,"EC1",1,"Plant 13 EC1",6,8,2
"Plant 13",0.75,"EC1",1,"Plant 13 EC1",6,8,2
"Plant 14",0.625,"EC1",1,"Plant 14 EC1",5,8,3
"Plant 14",0.75,"EC1",1,"Plant 14 EC1",6,8,2
"Plant 14",0.625,"EC1",1,"Plant 14 EC1",5,8,3
"Plant 14",0.625,"EC1",1,"Plant 14 EC1",5,8,3
"Plant 14",0.75,"EC1",1,"Plant 14 EC1",6,8,2
"Plant 14",0.875,"EC1",1,"Plant 14 EC1",7,8,1
"Plant 14",0.625,"EC1",1,"Plant 14 EC1",5,8,3
"Plant 14",0.75,"EC1",1,"Plant 14 EC1",6,8,2
"Plant 02",0.5,"EC1",2,"Plant 02 EC1",4,8,4
"Plant 02",0.125,"EC1",2,"Plant 02 EC1",1,8,7
"Plant 02",0.125,"EC1",2,"Plant 02 EC1",1,8,7
"Plant 02",0.125,"EC1",2,"Plant 02 EC1",1,8,7
"Plant 02",0.25,"EC1",2,"Plant 02 EC1",2,8,6
"Plant 02",0,"EC1",2,"Plant 02 EC1",0,8,8
"Plant 02",0,"EC1",2,"Plant 02 EC1",0,8,8
"Plant 02",0,"EC1",2,"Plant 02 EC1",0,8,8
"Plant 03",0,"EC1",2,"Plant 03 EC1",0,8,8
"Plant 03",0.125,"EC1",2,"Plant 03 EC1",1,8,7
"Plant 03",0,"EC1",2,"Plant 03 EC1",0,8,8
"Plant 03",0,"EC1",2,"Plant 03 EC1",0,8,8
"Plant 03",0,"EC1",2,"Plant 03 EC1",0,8,8
"Plant 03",0,"EC1",2,"Plant 03 EC1",0,8,8
"Plant 03",0,"EC1",2,"Plant 03 EC1",0,8,8
"Plant 03",0,"EC1",2,"Plant 03 EC1",0,8,8
"Plant 05",0,"EC1",2,"Plant 05 EC1",0,8,8
"Plant 05",0.125,"EC1",2,"Plant 05 EC1",1,8,7
"Plant 05",0.125,"EC1",2,"Plant 05 EC1",1,8,7
"Plant 05",0.125,"EC1",2,"Plant 05 EC1",1,8,7
"Plant 05",0.25,"EC1",2,"Plant 05 EC1",2,8,6
"Plant 05",0,"EC1",2,"Plant 05 EC1",0,8,8
"Plant 05",0,"EC1",2,"Plant 05 EC1",0,8,8
"Plant 05",0,"EC1",2,"Plant 05 EC1",0,8,8
"Plant 07",0,"EC1",2,"Plant 07 EC1",0,8,8
"Plant 07",0.25,"EC1",2,"Plant 07 EC1",2,8,6
"Plant 07",0.125,"EC1",2,"Plant 07 EC1",1,8,7
"Plant 07",0.125,"EC1",2,"Plant 07 EC1",1,8,7
"Plant 07",0.125,"EC1",2,"Plant 07 EC1",1,8,7
"Plant 07",0,"EC1",2,"Plant 07 EC1",0,8,8
"Plant 07",0,"EC1",2,"Plant 07 EC1",0,8,8
"Plant 07",0,"EC1",2,"Plant 07 EC1",0,8,8
"Plant 10",0.375,"EC1",2,"Plant 10 EC1",3,8,5
"Plant 10",0.25,"EC1",2,"Plant 10 EC1",2,8,6
"Plant 10",0.125,"EC1",2,"Plant 10 EC1",1,8,7
"Plant 10",0.125,"EC1",2,"Plant 10 EC1",1,8,7
"Plant 10",0.125,"EC1",2,"Plant 10 EC1",1,8,7
"Plant 10",0.375,"EC1",2,"Plant 10 EC1",3,8,5
"Plant 10",0,"EC1",2,"Plant 10 EC1",0,8,8
"Plant 10",0,"EC1",2,"Plant 10 EC1",0,8,8
"Plant 11",0,"EC1",2,"Plant 11 EC1",0,8,8
"Plant 11",0.125,"EC1",2,"Plant 11 EC1",1,8,7
"Plant 11",0.125,"EC1",2,"Plant 11 EC1",1,8,7
"Plant 11",0.125,"EC1",2,"Plant 11 EC1",1,8,7
"Plant 11",0,"EC1",2,"Plant 11 EC1",0,8,8
"Plant 11",0,"EC1",2,"Plant 11 EC1",0,8,8
"Plant 11",0,"EC1",2,"Plant 11 EC1",0,8,8
"Plant 11",0,"EC1",2,"Plant 11 EC1",0,8,8
"Plant 12",0.375,"EC1",2,"Plant 12 EC1",3,8,5
"Plant 12",0.25,"EC1",2,"Plant 12 EC1",2,8,6
"Plant 12",0.375,"EC1",2,"Plant 12 EC1",3,8,5
"Plant 12",0.125,"EC1",2,"Plant 12 EC1",1,8,7
"Plant 12",0,"EC1",2,"Plant 12 EC1",0,8,8
"Plant 12",0,"EC1",2,"Plant 12 EC1",0,8,8
"Plant 12",0,"EC1",2,"Plant 12 EC1",0,8,8
"Plant 12",0,"EC1",2,"Plant 12 EC1",0,8,8
"Plant 13",0.25,"EC1",2,"Plant 13 EC1",2,8,6
"Plant 13",0.25,"EC1",2,"Plant 13 EC1",2,8,6
"Plant 13",0.375,"EC1",2,"Plant 13 EC1",3,8,5
"Plant 13",0,"EC1",2,"Plant 13 EC1",0,8,8
"Plant 13",0,"EC1",2,"Plant 13 EC1",0,8,8
"Plant 13",0,"EC1",2,"Plant 13 EC1",0,8,8
"Plant 13",0,"EC1",2,"Plant 13 EC1",0,8,8
"Plant 13",0,"EC1",2,"Plant 13 EC1",0,8,8
"Plant 14",0.125,"EC1",2,"Plant 14 EC1",1,8,7
"Plant 14",0.25,"EC1",2,"Plant 14 EC1",2,8,6
"Plant 14",0.125,"EC1",2,"Plant 14 EC1",1,8,7
"Plant 14",0.375,"EC1",2,"Plant 14 EC1",3,8,5
"Plant 14",0.5,"EC1",2,"Plant 14 EC1",4,8,4
"Plant 14",0.125,"EC1",2,"Plant 14 EC1",1,8,7
"Plant 14",0,"EC1",2,"Plant 14 EC1",0,8,8
"Plant 14",0,"EC1",2,"Plant 14 EC1",0,8,8
"Plant 02",0,"EC1",3,"Plant 02 EC1",0,8,8
"Plant 02",0,"EC1",3,"Plant 02 EC1",0,8,8
"Plant 02",0.625,"EC1",3,"Plant 02 EC1",5,8,3
"Plant 02",0.375,"EC1",3,"Plant 02 EC1",3,8,5
"Plant 02",0,"EC1",3,"Plant 02 EC1",0,8,8
"Plant 02",0.125,"EC1",3,"Plant 02 EC1",1,8,7
"Plant 02",0,"EC1",3,"Plant 02 EC1",0,8,8
"Plant 02",0,"EC1",3,"Plant 02 EC1",0,8,8
"Plant 03",0.25,"EC1",3,"Plant 03 EC1",2,8,6
"Plant 03",0.25,"EC1",3,"Plant 03 EC1",2,8,6
"Plant 03",0,"EC1",3,"Plant 03 EC1",0,8,8
"Plant 03",0,"EC1",3,"Plant 03 EC1",0,8,8
"Plant 03",0.125,"EC1",3,"Plant 03 EC1",1,8,7
"Plant 03",0.125,"EC1",3,"Plant 03 EC1",1,8,7
"Plant 03",0,"EC1",3,"Plant 03 EC1",0,8,8
"Plant 03",0,"EC1",3,"Plant 03 EC1",0,8,8
"Plant 05",0.375,"EC1",3,"Plant 03 EC1",3,8,5
"Plant 05",0,"EC1",3,"Plant 05 EC1",0,8,8
"Plant 05",0.25,"EC1",3,"Plant 05 EC1",2,8,6
"Plant 05",0.25,"EC1",3,"Plant 05 EC1",2,8,6
"Plant 07",0.25,"EC1",3,"Plant 07 EC1",2,8,6
"Plant 07",0.25,"EC1",3,"Plant 07 EC1",2,8,6
"Plant 07",0,"EC1",3,"Plant 07 EC1",0,8,8
"Plant 07",0,"EC1",3,"Plant 07 EC1",0,8,8
"Plant 07",0.25,"EC1",3,"Plant 07 EC1",2,8,6
"Plant 07",0.25,"EC1",3,"Plant 07 EC1",2,8,6
"Plant 07",0,"EC1",3,"Plant 07 EC1",0,8,8
"Plant 07",0,"EC1",3,"Plant 07 EC1",0,8,8
"Plant 10",0.375,"EC1",3,"Plant 10 EC1",3,8,5
"Plant 10",0.5,"EC1",3,"Plant 10 EC1",4,8,4
"Plant 10",0.5,"EC1",3,"Plant 10 EC1",4,8,4
"Plant 10",0,"EC1",3,"Plant 10 EC1",0,8,8
"Plant 10",0.125,"EC1",3,"Plant 10 EC1",1,8,7
"Plant 10",0.375,"EC1",3,"Plant 10 EC1",3,8,5
"Plant 10",0.25,"EC1",3,"Plant 10 EC1",2,8,6
"Plant 10",0,"EC1",3,"Plant 10 EC1",0,8,8
"Plant 11",0,"EC1",3,"Plant 11 EC1",0,8,8
"Plant 11",0,"EC1",3,"Plant 11 EC1",0,8,8
"Plant 11",0,"EC1",3,"Plant 11 EC1",0,8,8
"Plant 11",0,"EC1",3,"Plant 11 EC1",0,8,8
"Plant 11",0,"EC1",3,"Plant 11 EC1",0,8,8
"Plant 11",0,"EC1",3,"Plant 11 EC1",0,8,8
"Plant 11",0,"EC1",3,"Plant 11 EC1",0,8,8
"Plant 11",0,"EC1",3,"Plant 11 EC1",0,8,8
"Plant 12",0.375,"EC1",3,"Plant 12 EC1",3,8,5
"Plant 12",0,"EC1",3,"Plant 12 EC1",0,8,8
"Plant 12",0,"EC1",3,"Plant 12 EC1",0,8,8
"Plant 12",0.25,"EC1",3,"Plant 12 EC1",2,8,6
"Plant 12",0,"EC1",3,"Plant 12 EC1",0,8,8
"Plant 12",0,"EC1",3,"Plant 12 EC1",0,8,8
"Plant 12",0.25,"EC1",3,"Plant 12 EC1",2,8,6
"Plant 12",0,"EC1",3,"Plant 12 EC1",0,8,8
"Plant 13",0,"EC1",3,"Plant 13 EC1",0,8,8
"Plant 13",0,"EC1",3,"Plant 13 EC1",0,8,8
"Plant 13",0,"EC1",3,"Plant 13 EC1",0,8,8
"Plant 13",0.375,"EC1",3,"Plant 13 EC1",3,8,5
"Plant 13",0.25,"EC1",3,"Plant 13 EC1",2,8,6
"Plant 13",0.25,"EC1",3,"Plant 13 EC1",2,8,6
"Plant 14",0.25,"EC1",3,"Plant 14 EC1",2,8,6
"Plant 14",0.125,"EC1",3,"Plant 14 EC1",1,8,7
"Plant 14",0.125,"EC1",3,"Plant 14 EC1",1,8,7
"Plant 14",0.25,"EC1",3,"Plant 14 EC1",2,8,6
"Plant 14",0.25,"EC1",3,"Plant 14 EC1",2,8,6
"Plant 14",0,"EC1",3,"Plant 14 EC1",0,8,8
"Plant 14",0.125,"EC1",3,"Plant 14 EC1",1,8,7
"Plant 02",0.625,"S-88069",1,"Plant 02 88069",5,8,3
"Plant 02",0.375,"S-88069",1,"Plant 02 88069",3,8,5
"Plant 02",0.25,"S-88069",1,"Plant 02 88069",2,8,6
"Plant 02",0.25,"S-88069",1,"Plant 02 88069",2,8,6
"Plant 02",0.5,"S-88069",1,"Plant 02 88069",4,8,4
"Plant 02",0.375,"S-88069",1,"Plant 02 88069",3,8,5
"Plant 03",0.5,"S-88069",1,"Plant 03 88069",4,8,4
"Plant 03",0.375,"S-88069",1,"Plant 03 88069",3,8,5
"Plant 03",0.5,"S-88069",1,"Plant 03 88069",4,8,4
"Plant 03",0.5,"S-88069",1,"Plant 03 88069",4,8,4
"Plant 05",0.5,"S-88069",1,"Plant 05 88069",4,8,4
"Plant 05",0.375,"S-88069",1,"Plant 05 88069",3,8,5
"Plant 05",0.625,"S-88069",1,"Plant 05 88069",5,8,3
"Plant 07",0.875,"S-88069",1,"Plant 07 88069",7,8,1
"Plant 07",0.625,"S-88069",1,"Plant 07 88069",5,8,3
"Plant 07",0.875,"S-88069",1,"Plant 07 88069",7,8,1
"Plant 07",0.75,"S-88069",1,"Plant 07 88069",6,8,2
"Plant 07",0.75,"S-88069",1,"Plant 07 88069",6,8,2
"Plant 07",0.625,"S-88069",1,"Plant 07 88069",5,8,3
"Plant 07",0.875,"S-88069",1,"Plant 07 88069",7,8,1
"Plant 10",1,"S-88069",1,"Plant 10 88069",8,8,0
"Plant 10",0.875,"S-88069",1,"Plant 10 88069",7,8,1
"Plant 10",1,"S-88069",1,"Plant 10 88069",8,8,0
"Plant 10",1,"S-88069",1,"Plant 10 88069",8,8,0
"Plant 10",1,"S-88069",1,"Plant 10 88069",8,8,0
"Plant 10",1,"S-88069",1,"Plant 10 88069",8,8,0
"Plant 10",0.875,"S-88069",1,"Plant 10 88069",7,8,1
"Plant 10",0.875,"S-88069",1,"Plant 10 88069",7,8,1
"Plant 11",0.375,"S-88069",1,"Plant 11 88069",3,8,5
"Plant 11",0.375,"S-88069",1,"Plant 11 88069",3,8,5
"Plant 11",0.125,"S-88069",1,"Plant 11 88069",1,8,7
"Plant 11",0.125,"S-88069",1,"Plant 11 88069",1,8,7
"Plant 11",0.125,"S-88069",1,"Plant 11 88069",1,8,7
"Plant 11",0,"S-88069",1,"Plant 11 88069",0,8,8
"Plant 11",0.25,"S-88069",1,"Plant 11 88069",2,8,6
"Plant 11",0.125,"S-88069",1,"Plant 11 88069",1,8,7
"Plant 12",0.625,"S-88069",1,"Plant 12 88069",5,8,3
"Plant 12",0.125,"S-88069",1,"Plant 12 88069",1,8,7
"Plant 12",0.375,"S-88069",1,"Plant 12 88069",3,8,5
"Plant 12",0.25,"S-88069",1,"Plant 12 88069",2,8,6
"Plant 12",0.5,"S-88069",1,"Plant 12 88069",4,8,4
"Plant 12",0.25,"S-88069",1,"Plant 12 88069",2,8,6
"Plant 12",0.25,"S-88069",1,"Plant 12 88069",2,8,6
"Plant 12",0.375,"S-88069",1,"Plant 12 88069",3,8,5
"Plant 13",0.25,"S-88069",1,"Plant 13 88069",2,8,6
"Plant 13",0.375,"S-88069",1,"Plant 13 88069",3,8,5
"Plant 13",0.25,"S-88069",1,"Plant 13 88069",2,8,6
"Plant 13",0.375,"S-88069",1,"Plant 13 88069",3,8,5
"Plant 13",0.25,"S-88069",1,"Plant 13 88069",2,8,6
"Plant 13",0.375,"S-88069",1,"Plant 13 88069",3,8,5
"Plant 13",0.375,"S-88069",1,"Plant 13 88069",3,8,5
"Plant 14",0.625,"S-88069",1,"Plant 14 88069",5,8,3
"Plant 14",0.5,"S-88069",1,"Plant 14 88069",4,8,4
"Plant 14",0.375,"S-88069",1,"Plant 14 88069",3,8,5
"Plant 14",0.25,"S-88069",1,"Plant 14 88069",2,8,6
"Plant 14",0.75,"S-88069",1,"Plant 14 88069",6,8,2
"Plant 14",0.5,"S-88069",1,"Plant 14 88069",4,8,4
"Plant 14",0.875,"S-88069",1,"Plant 14 88069",7,8,1
"Plant 14",0.875,"S-88069",1,"Plant 14 88069",7,8,1
"Plant 02",0.5,"S-88069",2,"Plant 02 88069",4,8,4
"Plant 02",0.25,"S-88069",2,"Plant 02 88069",2,8,6
"Plant 02",0,"S-88069",2,"Plant 02 88069",0,8,8
"Plant 02",0,"S-88069",2,"Plant 02 88069",0,8,8
"Plant 02",0,"S-88069",2,"Plant 02 88069",0,8,8
"Plant 02",0,"S-88069",2,"Plant 02 88069",0,8,8
"Plant 02",0,"S-88069",2,"Plant 02 88069",0,8,8
"Plant 02",0,"S-88069",2,"Plant 02 88069",0,8,8
"Plant 03",0,"S-88069",2,"Plant 03 88069",0,8,8
"Plant 03",0,"S-88069",2,"Plant 03 88069",0,8,8
"Plant 03",0,"S-88069",2,"Plant 03 88069",0,8,8
"Plant 03",0,"S-88069",2,"Plant 03 88069",0,8,8
"Plant 03",0,"S-88069",2,"Plant 03 88069",0,8,8
"Plant 03",0,"S-88069",2,"Plant 03 88069",0,8,8
"Plant 03",0,"S-88069",2,"Plant 03 88069",0,8,8
"Plant 03",0,"S-88069",2,"Plant 03 88069",0,8,8
"Plant 05",0,"S-88069",2,"Plant 05 88069",0,8,8
"Plant 05",0,"S-88069",2,"Plant 05 88069",0,8,8
"Plant 05",0,"S-88069",2,"Plant 05 88069",0,8,8
"Plant 05",0,"S-88069",2,"Plant 05 88069",0,8,8
"Plant 05",0,"S-88069",2,"Plant 05 88069",0,8,8
"Plant 05",0,"S-88069",2,"Plant 05 88069",0,8,8
"Plant 05",0,"S-88069",2,"Plant 05 88069",0,8,8
"Plant 05",0,"S-88069",2,"Plant 05 88069",0,8,8
"Plant 07",0,"S-88069",2,"Plant 07 88069",0,8,8
"Plant 07",0,"S-88069",2,"Plant 07 88069",0,8,8
"Plant 07",0.25,"S-88069",2,"Plant 07 88069",2,8,6
"Plant 07",0.25,"S-88069",2,"Plant 07 88069",2,8,6
"Plant 07",0,"S-88069",2,"Plant 07 88069",0,8,8
"Plant 07",0,"S-88069",2,"Plant 07 88069",0,8,8
"Plant 07",0,"S-88069",2,"Plant 07 88069",0,8,8
"Plant 07",0,"S-88069",2,"Plant 07 88069",0,8,8
"Plant 10",0,"S-88069",2,"Plant 10 88069",0,8,8
"Plant 10",0,"S-88069",2,"Plant 10 88069",0,8,8
"Plant 10",0,"S-88069",2,"Plant 10 88069",0,8,8
"Plant 10",0,"S-88069",2,"Plant 10 88069",0,8,8
"Plant 10",0,"S-88069",2,"Plant 10 88069",0,8,8
"Plant 10",0,"S-88069",2,"Plant 10 88069",0,8,8
"Plant 10",0.25,"S-88069",2,"Plant 10 88069",2,8,6
"Plant 10",0.125,"S-88069",2,"Plant 10 88069",1,8,7
"Plant 11",0,"S-88069",2,"Plant 11 88069",0,8,8
"Plant 11",0,"S-88069",2,"Plant 11 88069",0,8,8
"Plant 11",0,"S-88069",2,"Plant 11 88069",0,8,8
"Plant 11",0,"S-88069",2,"Plant 11 88069",0,8,8
"Plant 11",0,"S-88069",2,"Plant 11 88069",0,8,8
"Plant 11",0,"S-88069",2,"Plant 11 88069",0,8,8
"Plant 11",0.125,"S-88069",2,"Plant 11 88069",1,8,7
"Plant 11",0.125,"S-88069",2,"Plant 11 88069",1,8,7
"Plant 12",0,"S-88069",2,"Plant 12 88069",0,8,8
"Plant 12",0,"S-88069",2,"Plant 12 88069",0,8,8
"Plant 12",0,"S-88069",2,"Plant 12 88069",0,8,8
"Plant 12",0,"S-88069",2,"Plant 12 88069",0,8,8
"Plant 12",0,"S-88069",2,"Plant 12 88069",0,8,8
"Plant 12",0,"S-88069",2,"Plant 12 88069",0,8,8
"Plant 12",0,"S-88069",2,"Plant 12 88069",0,8,8
"Plant 12",0.125,"S-88069",2,"Plant 12 88069",1,8,7
"Plant 13",0,"S-88069",2,"Plant 13 88069",0,8,8
"Plant 13",0,"S-88069",2,"Plant 13 88069",0,8,8
"Plant 13",0,"S-88069",2,"Plant 13 88069",0,8,8
"Plant 13",0,"S-88069",2,"Plant 13 88069",0,8,8
"Plant 13",0,"S-88069",2,"Plant 13 88069",0,8,8
"Plant 13",0,"S-88069",2,"Plant 13 88069",0,8,8
"Plant 13",0,"S-88069",2,"Plant 13 88069",0,8,8
"Plant 13",0,"S-88069",2,"Plant 13 88069",0,8,8
"Plant 14",0,"S-88069",2,"Plant 14 88069",0,8,8
"Plant 14",0,"S-88069",2,"Plant 14 88069",0,8,8
"Plant 14",0,"S-88069",2,"Plant 14 88069",0,8,8
"Plant 14",0.125,"S-88069",2,"Plant 14 88069",1,8,7
"Plant 14",0,"S-88069",2,"Plant 14 88069",0,8,8
"Plant 14",0,"S-88069",2,"Plant 14 88069",0,8,8
"Plant 14",0,"S-88069",2,"Plant 14 88069",0,8,8
"Plant 14",0,"S-88069",2,"Plant 14 88069",0,8,8
"Plant 02",0,"S-88069",3,"Plant 02 88069",0,8,8
"Plant 02",0.375,"S-88069",3,"Plant 02 88069",3,8,5
"Plant 02",0,"S-88069",3,"Plant 02 88069",0,8,8
"Plant 02",0,"S-88069",3,"Plant 02 88069",0,8,8
"Plant 02",0.375,"S-88069",3,"Plant 02 88069",3,8,5
"Plant 02",0.25,"S-88069",3,"Plant 02 88069",2,8,6
"Plant 02",0,"S-88069",3,"Plant 02 88069",0,8,8
"Plant 02",0,"S-88069",3,"Plant 02 88069",0,8,8
"Plant 03",0.125,"S-88069",3,"Plant 03 88069",1,8,7
"Plant 03",0,"S-88069",3,"Plant 03 88069",0,8,8
"Plant 03",0,"S-88069",3,"Plant 03 88069",0,8,8
"Plant 03",0,"S-88069",3,"Plant 03 88069",0,8,8
"Plant 03",0,"S-88069",3,"Plant 03 88069",0,8,8
"Plant 03",0,"S-88069",3,"Plant 03 88069",0,8,8
"Plant 03",0.125,"S-88069",3,"Plant 03 88069",1,8,7
"Plant 03",0.25,"S-88069",3,"Plant 03 88069",2,8,6
"Plant 05",0.125,"S-88069",3,"Plant 05 88069",1,8,7
"Plant 05",0.125,"S-88069",3,"Plant 05 88069",1,8,7
"Plant 05",0.125,"S-88069",3,"Plant 05 88069",1,8,7
"Plant 05",0.125,"S-88069",3,"Plant 05 88069",1,8,7
"Plant 05",0,"S-88069",3,"Plant 05 88069",0,8,8
"Plant 05",0,"S-88069",3,"Plant 05 88069",0,8,8
"Plant 07",0.125,"S-88069",3,"Plant 07 88069",1,8,7
"Plant 07",0,"S-88069",3,"Plant 07 88069",0,8,8
"Plant 07",0.125,"S-88069",3,"Plant 07 88069",1,8,7
"Plant 07",0,"S-88069",3,"Plant 07 88069",0,8,8
"Plant 07",0.125,"S-88069",3,"Plant 07 88069",1,8,7
"Plant 10",0.25,"S-88069",3,"Plant 10 88069",2,8,6
"Plant 10",0.25,"S-88069",3,"Plant 10 88069",2,8,6
"Plant 10",0.25,"S-88069",3,"Plant 10 88069",2,8,6
"Plant 10",0,"S-88069",3,"Plant 10 88069",0,8,8
"Plant 10",0.25,"S-88069",3,"Plant 10 88069",2,8,6
"Plant 10",0.375,"S-88069",3,"Plant 10 88069",3,8,5
"Plant 10",0.25,"S-88069",3,"Plant 10 88069",2,8,6
"Plant 10",0.25,"S-88069",3,"Plant 10 88069",2,8,6
"Plant 11",0,"S-88069",3,"Plant 11 88069",0,8,8
"Plant 11",0.125,"S-88069",3,"Plant 11 88069",1,8,7
"Plant 11",0,"S-88069",3,"Plant 11 88069",0,8,8
"Plant 11",0,"S-88069",3,"Plant 11 88069",0,8,8
"Plant 11",0,"S-88069",3,"Plant 11 88069",0,8,8
"Plant 11",0,"S-88069",3,"Plant 11 88069",0,8,8
"Plant 11",0,"S-88069",3,"Plant 11 88069",0,8,8
"Plant 11",0,"S-88069",3,"Plant 11 88069",0,8,8
"Plant 12",0.125,"S-88069",3,"Plant 12 88069",1,8,7
"Plant 12",0.25,"S-88069",3,"Plant 12 88069",2,8,6
"Plant 12",0.125,"S-88069",3,"Plant 12 88069",1,8,7
"Plant 12",0.125,"S-88069",3,"Plant 12 88069",1,8,7
"Plant 12",0.375,"S-88069",3,"Plant 12 88069",3,8,5
"Plant 12",0.375,"S-88069",3,"Plant 12 88069",3,8,5
"Plant 12",0,"S-88069",3,"Plant 12 88069",0,8,8
"Plant 12",0.125,"S-88069",3,"Plant 12 88069",1,8,7
"Plant 13",0.125,"S-88069",3,"Plant 13 88069",1,8,7
"Plant 13",0.25,"S-88069",3,"Plant 13 88069",2,8,6
"Plant 13",0.375,"S-88069",3,"Plant 13 88069",3,8,5
"Plant 13",0.25,"S-88069",3,"Plant 13 88069",2,8,6
"Plant 13",0.25,"S-88069",3,"Plant 13 88069",2,8,6
"Plant 13",0.25,"S-88069",3,"Plant 13 88069",2,8,6
"Plant 13",0.25,"S-88069",3,"Plant 13 88069",2,8,6
"Plant 13",0.125,"S-88069",3,"Plant 13 88069",1,8,7
"Plant 14",0,"S-88069",3,"Plant 14 88069",0,8,8
"Plant 14",0,"S-88069",3,"Plant 14 88069",0,8,8
"Plant 14",0.125,"S-88069",3,"Plant 14 88069",1,8,7
"Plant 14",0.125,"S-88069",3,"Plant 14 88069",1,8,7
"Plant 14",0.125,"S-88069",3,"Plant 14 88069",1,8,7
"Plant 14",0.125,"S-88069",3,"Plant 14 88069",1,8,7
"Plant 14",0.375,"S-88069",3,"Plant 14 88069",3,8,5
"Plant 14",0.375,"S-88069",3,"Plant 14 88069",3,8,5
"Plant 02",0.625,"S-3928",1,"Plant 02 3928",5,8,3
"Plant 02",0.625,"S-3928",1,"Plant 02 3928",5,8,3
"Plant 02",0.25,"S-3928",1,"Plant 02 3928",2,8,6
"Plant 02",0.25,"S-3928",1,"Plant 02 3928",2,8,6
"Plant 02",0.125,"S-3928",1,"Plant 02 3928",1,8,7
"Plant 02",0.625,"S-3928",1,"Plant 02 3928",5,8,3
"Plant 02",0.625,"S-3928",1,"Plant 02 3928",5,8,3
"Plant 02",0.5,"S-3928",1,"Plant 02 3928",4,8,4
"Plant 03",0.5,"S-3928",1,"Plant 03 3928",4,8,4
"Plant 03",0.5,"S-3928",1,"Plant 03 3928",4,8,4
"Plant 03",0.75,"S-3928",1,"Plant 03 3928",6,8,2
"Plant 03",0.375,"S-3928",1,"Plant 03 3928",3,8,5
"Plant 03",0.5,"S-3928",1,"Plant 03 3928",4,8,4
"Plant 03",0.25,"S-3928",1,"Plant 03 3928",2,8,6
"Plant 05",0.75,"S-3928",1,"Plant 05 3928",6,8,2
"Plant 05",0.625,"S-3928",1,"Plant 05 3928",5,8,3
"Plant 05",0.625,"S-3928",1,"Plant 05 3928",5,8,3
"Plant 05",0.5,"S-3928",1,"Plant 05 3928",4,8,4
"Plant 05",0.125,"S-3928",1,"Plant 05 3928",1,8,7
"Plant 05",0.125,"S-3928",1,"Plant 05 3928",1,8,7
"Plant 05",0.625,"S-3928",1,"Plant 05 3928",5,8,3
"Plant 05",0.625,"S-3928",1,"Plant 05 3928",5,8,3
"Plant 07",0.25,"S-3928",1,"Plant 07 3928",2,8,6
"Plant 07",0.375,"S-3928",1,"Plant 07 3928",3,8,5
"Plant 07",0.5,"S-3928",1,"Plant 07 3928",4,8,4
"Plant 07",0.5,"S-3928",1,"Plant 07 3928",4,8,4
"Plant 07",0.375,"S-3928",1,"Plant 07 3928",3,8,5
"Plant 07",0.25,"S-3928",1,"Plant 07 3928",2,8,6
"Plant 07",0.125,"S-3928",1,"Plant 07 3928",1,8,7
"Plant 07",0.625,"S-3928",1,"Plant 07 3928",5,8,3
"Plant 10",0.625,"S-3928",1,"Plant 10 3928",5,8,3
"Plant 10",0.5,"S-3928",1,"Plant 10 3928",4,8,4
"Plant 10",0.375,"S-3928",1,"Plant 10 3928",3,8,5
"Plant 10",0.375,"S-3928",1,"Plant 10 3928",3,8,5
"Plant 10",0.5,"S-3928",1,"Plant 10 3928",4,8,4
"Plant 10",0.625,"S-3928",1,"Plant 10 3928",5,8,3
"Plant 10",0.125,"S-3928",1,"Plant 10 3928",1,8,7
"Plant 11",0,"S-3928",1,"Plant 11 3928",0,8,8
"Plant 11",0.125,"S-3928",1,"Plant 11 3928",1,8,7
"Plant 11",0.375,"S-3928",1,"Plant 11 3928",3,8,5
"Plant 11",0,"S-3928",1,"Plant 11 3928",0,8,8
"Plant 11",0.125,"S-3928",1,"Plant 11 3928",1,8,7
"Plant 11",0.375,"S-3928",1,"Plant 11 3928",3,8,5
"Plant 11",0.125,"S-3928",1,"Plant 11 3928",1,8,7
"Plant 11",0.25,"S-3928",1,"Plant 11 3928",2,8,6
"Plant 12",0.125,"S-3928",1,"Plant 12 3928",1,8,7
"Plant 12",0.375,"S-3928",1,"Plant 12 3928",3,8,5
"Plant 12",0.125,"S-3928",1,"Plant 12 3928",1,8,7
"Plant 12",0.375,"S-3928",1,"Plant 12 3928",3,8,5
"Plant 12",0.125,"S-3928",1,"Plant 12 3928",1,8,7
"Plant 12",0.125,"S-3928",1,"Plant 12 3928",1,8,7
"Plant 12",0.125,"S-3928",1,"Plant 12 3928",1,8,7
"Plant 12",0.375,"S-3928",1,"Plant 12 3928",3,8,5
"Plant 13",0.375,"S-3928",1,"Plant 13 3928",3,8,5
"Plant 13",0,"S-3928",1,"Plant 13 3928",0,8,8
"Plant 13",0.125,"S-3928",1,"Plant 13 3928",1,8,7
"Plant 13",0.125,"S-3928",1,"Plant 13 3928",1,8,7
"Plant 13",0.125,"S-3928",1,"Plant 13 3928",1,8,7
"Plant 14",0.375,"S-3928",1,"Plant 14 3928",3,8,5
"Plant 14",0.25,"S-3928",1,"Plant 14 3928",2,8,6
"Plant 14",0.625,"S-3928",1,"Plant 14 3928",5,8,3
"Plant 14",0.375,"S-3928",1,"Plant 14 3928",3,8,5
"Plant 14",0.625,"S-3928",1,"Plant 14 3928",5,8,3
"Plant 14",0.375,"S-3928",1,"Plant 14 3928",3,8,5
"Plant 14",0.625,"S-3928",1,"Plant 14 3928",5,8,3
"Plant 14",0.625,"S-3928",1,"Plant 14 3928",5,8,3
"Plant 02",0.75,"S-3928",2,"Plant 02 3928",6,8,2
"Plant 02",0.75,"S-3928",2,"Plant 02 3928",6,8,2
"Plant 02",0.75,"S-3928",2,"Plant 02 3928",6,8,2
"Plant 02",0.125,"S-3928",2,"Plant 02 3928",1,8,7
"Plant 02",0,"S-3928",2,"Plant 02 3928",0,8,8
"Plant 02",0,"S-3928",2,"Plant 02 3928",0,8,8
"Plant 02",0,"S-3928",2,"Plant 02 3928",0,8,8
"Plant 02",0,"S-3928",2,"Plant 02 3928",0,8,8
"Plant 03",0.5,"S-3928",2,"Plant 03 3928",4,8,4
"Plant 03",0.25,"S-3928",2,"Plant 03 3928",2,8,6
"Plant 03",0.25,"S-3928",2,"Plant 03 3928",2,8,6
"Plant 03",0.75,"S-3928",2,"Plant 03 3928",6,8,2
"Plant 03",0.375,"S-3928",2,"Plant 03 3928",3,8,5
"Plant 03",0,"S-3928",2,"Plant 03 3928",0,8,8
"Plant 03",0,"S-3928",2,"Plant 03 3928",0,8,8
"Plant 03",0,"S-3928",2,"Plant 03 3928",0,8,8
"Plant 05",0.5,"S-3928",2,"Plant 05 3928",4,8,4
"Plant 05",0.25,"S-3928",2,"Plant 05 3928",2,8,6
"Plant 05",0.25,"S-3928",2,"Plant 05 3928",2,8,6
"Plant 05",0.5,"S-3928",2,"Plant 05 3928",4,8,4
"Plant 05",0.125,"S-3928",2,"Plant 05 3928",1,8,7
"Plant 05",0.125,"S-3928",2,"Plant 05 3928",1,8,7
"Plant 05",0.25,"S-3928",2,"Plant 05 3928",2,8,6
"Plant 05",0,"S-3928",2,"Plant 05 3928",0,8,8
"Plant 07",0.25,"S-3928",2,"Plant 07 3928",2,8,6
"Plant 07",0.125,"S-3928",2,"Plant 07 3928",1,8,7
"Plant 07",0.125,"S-3928",2,"Plant 07 3928",1,8,7
"Plant 07",0.125,"S-3928",2,"Plant 07 3928",1,8,7
"Plant 07",0,"S-3928",2,"Plant 07 3928",0,8,8
"Plant 07",0,"S-3928",2,"Plant 07 3928",0,8,8
"Plant 07",0,"S-3928",2,"Plant 07 3928",0,8,8
"Plant 07",0,"S-3928",2,"Plant 07 3928",0,8,8
"Plant 10",0.625,"S-3928",2,"Plant 10 3928",5,8,3
"Plant 10",0.25,"S-3928",2,"Plant 10 3928",2,8,6
"Plant 10",0.75,"S-3928",2,"Plant 10 3928",6,8,2
"Plant 10",0.5,"S-3928",2,"Plant 10 3928",4,8,4
"Plant 10",0.125,"S-3928",2,"Plant 10 3928",1,8,7
"Plant 10",0.125,"S-3928",2,"Plant 10 3928",1,8,7
"Plant 10",0.25,"S-3928",2,"Plant 10 3928",2,8,6
"Plant 10",0.125,"S-3928",2,"Plant 10 3928",1,8,7
"Plant 11",0,"S-3928",2,"Plant 11 3928",1,8,7
"Plant 11",0.125,"S-3928",2,"Plant 11 3928",1,8,7
"Plant 11",0,"S-3928",2,"Plant 11 3928",1,8,7
"Plant 11",0,"S-3928",2,"Plant 11 3928",1,8,7
"Plant 11",0,"S-3928",2,"Plant 11 3928",1,8,7
"Plant 11",0,"S-3928",2,"Plant 11 3928",2,8,6
"Plant 11",0,"S-3928",2,"Plant 11 3928",0,8,8
"Plant 11",0,"S-3928",2,"Plant 11 3928",0,8,8
"Plant 12",0.125,"S-3928",2,"Plant 12 3928",1,8,7
"Plant 12",0.5,"S-3928",2,"Plant 12 3928",4,8,4
"Plant 12",0.25,"S-3928",2,"Plant 12 3928",2,8,6
"Plant 12",0.25,"S-3928",2,"Plant 12 3928",2,8,6
"Plant 12",0.125,"S-3928",2,"Plant 12 3928",1,8,7
"Plant 12",0.25,"S-3928",2,"Plant 12 3928",2,8,6
"Plant 12",0.125,"S-3928",2,"Plant 12 3928",1,8,7
"Plant 12",0,"S-3928",2,"Plant 12 3928",0,8,8
"Plant 13",0.25,"S-3928",2,"Plant 13 3928",2,8,6
"Plant 13",0.25,"S-3928",2,"Plant 13 3928",2,8,6
"Plant 13",0.25,"S-3928",2,"Plant 13 3928",2,8,6
"Plant 13",0.375,"S-3928",2,"Plant 13 3928",3,8,5
"Plant 13",0.125,"S-3928",2,"Plant 13 3928",1,8,7
"Plant 13",0.25,"S-3928",2,"Plant 13 3928",2,8,6
"Plant 13",0,"S-3928",2,"Plant 13 3928",0,8,8
"Plant 13",0,"S-3928",2,"Plant 13 3928",0,8,8
"Plant 14",0.125,"S-3928",2,"Plant 14 3928",1,8,7
"Plant 14",0.125,"S-3928",2,"Plant 14 3928",1,8,7
"Plant 14",0.5,"S-3928",2,"Plant 14 3928",4,8,4
"Plant 14",0.5,"S-3928",2,"Plant 14 3928",4,8,4
"Plant 14",0,"S-3928",2,"Plant 14 3928",0,8,8
"Plant 14",0,"S-3928",2,"Plant 14 3928",0,8,8
"Plant 14",0,"S-3928",2,"Plant 14 3928",0,8,8
"Plant 14",0,"S-3928",2,"Plant 14 3928",0,8,8
"Plant 02",0.25,"S-3928",3,"Plant 02 3928",2,8,6
"Plant 02",0.125,"S-3928",3,"Plant 02 3928",1,8,7
"Plant 02",0.625,"S-3928",3,"Plant 02 3928",5,8,3
"Plant 02",0.25,"S-3928",3,"Plant 02 3928",2,8,6
"Plant 02",0,"S-3928",3,"Plant 02 3928",0,8,8
"Plant 02",0.25,"S-3928",3,"Plant 02 3928",2,8,6
"Plant 02",0.5,"S-3928",3,"Plant 02 3928",4,8,4
"Plant 02",0,"S-3928",3,"Plant 02 3928",0,8,8
"Plant 03",0.625,"S-3928",3,"Plant 03 3928",5,8,3
"Plant 03",0.5,"S-3928",3,"Plant 03 3928",4,8,4
"Plant 03",0.625,"S-3928",3,"Plant 03 3928",5,8,3
"Plant 03",0.5,"S-3928",3,"Plant 03 3928",4,8,4
"Plant 03",0,"S-3928",3,"Plant 03 3928",0,8,8
"Plant 03",0.5,"S-3928",3,"Plant 03 3928",4,8,4
"Plant 03",0.25,"S-3928",3,"Plant 03 3928",2,8,6
"Plant 03",0.375,"S-3928",3,"Plant 03 3928",3,8,5
"Plant 05",0.125,"S-3928",3,"Plant 05 3928",1,8,7
"Plant 05",0.125,"S-3928",3,"Plant 05 3928",1,8,7
"Plant 05",0.125,"S-3928",3,"Plant 05 3928",1,8,7
"Plant 05",0.125,"S-3928",3,"Plant 05 3928",1,8,7
"Plant 05",0.375,"S-3928",3,"Plant 05 3928",3,8,5
"Plant 05",0.25,"S-3928",3,"Plant 05 3928",2,8,6
"Plant 05",0.375,"S-3928",3,"Plant 05 3928",3,8,5
"Plant 05",0.625,"S-3928",3,"Plant 05 3928",5,8,3
"Plant 07",0.25,"S-3928",3,"Plant 07 3928",2,8,6
"Plant 07",0.5,"S-3928",3,"Plant 07 3928",4,8,4
"Plant 07",0.125,"S-3928",3,"Plant 07 3928",1,8,7
"Plant 07",0.25,"S-3928",3,"Plant 07 3928",2,8,6
"Plant 07",0.5,"S-3928",3,"Plant 07 3928",4,8,4
"Plant 07",0.25,"S-3928",3,"Plant 07 3928",2,8,6
"Plant 07",0.375,"S-3928",3,"Plant 07 3928",3,8,5
"Plant 07",0,"S-3928",3,"Plant 07 3928",0,8,8
"Plant 10",0,"S-3928",3,"Plant 10 3928",0,8,8
"Plant 10",0.875,"S-3928",3,"Plant 10 3928",7,8,1
"Plant 10",0.5,"S-3928",3,"Plant 10 3928",4,8,4
"Plant 10",0.75,"S-3928",3,"Plant 10 3928",6,8,2
"Plant 10",0.75,"S-3928",3,"Plant 10 3928",6,8,2
"Plant 10",0.75,"S-3928",3,"Plant 10 3928",6,8,2
"Plant 10",0.625,"S-3928",3,"Plant 10 3928",5,8,3
"Plant 10",1,"S-3928",3,"Plant 10 3928",8,8,0
"Plant 11",0,"S-3928",3,"Plant 11 3928",0,8,8
"Plant 11",0,"S-3928",3,"Plant 11 3928",0,8,8
"Plant 11",0,"S-3928",3,"Plant 11 3928",0,8,8
"Plant 11",0,"S-3928",3,"Plant 11 3928",0,8,8
"Plant 11",0.125,"S-3928",3,"Plant 11 3928",1,8,7
"Plant 11",0.25,"S-3928",3,"Plant 11 3928",2,8,6
"Plant 11",0,"S-3928",3,"Plant 11 3928",0,8,8
"Plant 11",0,"S-3928",3,"Plant 11 3928",0,8,8
"Plant 12",0.25,"S-3928",3,"Plant 12 3928",2,8,6
"Plant 12",1,"S-3928",3,"Plant 12 3928",8,8,0
"Plant 12",0.25,"S-3928",3,"Plant 12 3928",2,8,6
"Plant 12",0.5,"S-3928",3,"Plant 12 3928",4,8,4
"Plant 12",0.125,"S-3928",3,"Plant 12 3928",1,8,7
"Plant 12",0.25,"S-3928",3,"Plant 12 3928",2,8,6
"Plant 12",0.25,"S-3928",3,"Plant 12 3928",2,8,6
"Plant 12",0.25,"S-3928",3,"Plant 12 3928",2,8,6
"Plant 13",0.25,"S-3928",3,"Plant 13 3928",2,8,6
"Plant 13",0,"S-3928",3,"Plant 13 3928",0,8,8
"Plant 13",0.25,"S-3928",3,"Plant 13 3928",2,8,6
"Plant 13",0.125,"S-3928",3,"Plant 13 3928",1,8,7
"Plant 13",0.75,"S-3928",3,"Plant 13 3928",6,8,2
"Plant 13",0.75,"S-3928",3,"Plant 13 3928",6,8,2
"Plant 13",0.25,"S-3928",3,"Plant 13 3928",2,8,6
"Plant 13",0.25,"S-3928",3,"Plant 13 3928",2,8,6
"Plant 14",0.125,"S-3928",3,"Plant 14 3928",1,8,7
"Plant 14",0.125,"S-3928",3,"Plant 14 3928",1,8,7
"Plant 14",0.125,"S-3928",3,"Plant 14 3928",1,8,7
"Plant 14",0,"S-3928",3,"Plant 14 3928",0,8,8
"Plant 14",0.625,"S-3928",3,"Plant 14 3928",5,8,3
"Plant 14",0.25,"S-3928",3,"Plant 14 3928",2,8,6
"Plant 14",0.25,"S-3928",3,"Plant 14 3928",2,8,6
"Plant 02",0.25,"T-30-4",1,"Plant 02 T-30-4",2,8,6
"Plant 02",0,"T-30-4",1,"Plant 02 T-30-4",0,8,8
"Plant 02",0.5,"T-30-4",1,"Plant 02 T-30-4",4,8,4
"Plant 02",0.125,"T-30-4",1,"Plant 02 T-30-4",1,8,7
"Plant 02",0.375,"T-30-4",1,"Plant 02 T-30-4",3,8,5
"Plant 02",0.375,"T-30-4",1,"Plant 02 T-30-4",3,8,5
"Plant 02",0.375,"T-30-4",1,"Plant 02 T-30-4",3,8,5
"Plant 03",0,"T-30-4",1,"Plant 03 T-30-4",0,8,8
"Plant 03",0,"T-30-4",1,"Plant 03 T-30-4",0,8,8
"Plant 03",0.375,"T-30-4",1,"Plant 03 T-30-4",3,8,5
"Plant 03",0.375,"T-30-4",1,"Plant 03 T-30-4",3,8,5
"Plant 03",0.25,"T-30-4",1,"Plant 03 T-30-4",2,8,6
"Plant 03",0.25,"T-30-4",1,"Plant 03 T-30-4",2,8,6
"Plant 03",0.25,"T-30-4",1,"Plant 03 T-30-4",2,8,6
"Plant 03",0.25,"T-30-4",1,"Plant 03 T-30-4",2,8,6
"Plant 05",0,"T-30-4",1,"Plant 05 T-30-4",0,8,8
"Plant 05",0.375,"T-30-4",1,"Plant 05 T-30-4",3,8,5
"Plant 05",0.5,"T-30-4",1,"Plant 05 T-30-4",4,8,4
"Plant 05",0.5,"T-30-4",1,"Plant 05 T-30-4",4,8,4
"Plant 05",0.5,"T-30-4",1,"Plant 05 T-30-4",4,8,4
"Plant 05",0.5,"T-30-4",1,"Plant 05 T-30-4",4,8,4
"Plant 05",0.25,"T-30-4",1,"Plant 05 T-30-4",2,8,6
"Plant 05",0.5,"T-30-4",1,"Plant 05 T-30-4",4,8,4
"Plant 07",0.375,"T-30-4",1,"Plant 07 T-30-4",3,8,5
"Plant 07",0.375,"T-30-4",1,"Plant 07 T-30-4",3,8,5
"Plant 07",0.5,"T-30-4",1,"Plant 07 T-30-4",4,8,4
"Plant 07",0,"T-30-4",1,"Plant 07 T-30-4",0,8,8
"Plant 07",0.375,"T-30-4",1,"Plant 07 T-30-4",3,8,5
"Plant 07",0.5,"T-30-4",1,"Plant 07 T-30-4",4,8,4
"Plant 07",0.5,"T-30-4",1,"Plant 07 T-30-4",4,8,4
"Plant 07",0.5,"T-30-4",1,"Plant 07 T-30-4",4,8,4
"Plant 10",0.75,"T-30-4",1,"Plant 10 T-30-4",6,8,2
"Plant 10",0.625,"T-30-4",1,"Plant 10 T-30-4",5,8,3
"Plant 10",0.75,"T-30-4",1,"Plant 10 T-30-4",6,8,2
"Plant 10",0.5,"T-30-4",1,"Plant 10 T-30-4",4,8,4
"Plant 10",1,"T-30-4",1,"Plant 10 T-30-4",8,8,0
"Plant 10",0.625,"T-30-4",1,"Plant 10 T-30-4",5,8,3
"Plant 10",0.5,"T-30-4",1,"Plant 10 T-30-4",4,8,4
"Plant 10",0.375,"T-30-4",1,"Plant 10 T-30-4",3,8,5
"Plant 11",0.125,"T-30-4",1,"Plant 11 T-30-4",1,8,7
"Plant 11",0.125,"T-30-4",1,"Plant 11 T-30-4",1,8,7
"Plant 11",0,"T-30-4",1,"Plant 11 T-30-4",0,8,8
"Plant 11",0,"T-30-4",1,"Plant 11 T-30-4",0,8,8
"Plant 11",0,"T-30-4",1,"Plant 11 T-30-4",0,8,8
"Plant 11",0,"T-30-4",1,"Plant 11 T-30-4",0,8,8
"Plant 11",0,"T-30-4",1,"Plant 11 T-30-4",0,8,8
"Plant 11",0.125,"T-30-4",1,"Plant 11 T-30-4",1,8,7
"Plant 12",0.125,"T-30-4",1,"Plant 12 T-30-4",1,8,7
"Plant 12",0.5,"T-30-4",1,"Plant 12 T-30-4",4,8,4
"Plant 12",0.5,"T-30-4",1,"Plant 12 T-30-4",4,8,4
"Plant 12",0.125,"T-30-4",1,"Plant 12 T-30-4",1,8,7
"Plant 12",0.375,"T-30-4",1,"Plant 12 T-30-4",3,8,5
"Plant 12",0.375,"T-30-4",1,"Plant 12 T-30-4",3,8,5
"Plant 12",0.125,"T-30-4",1,"Plant 12 T-30-4",1,8,7
"Plant 12",0.125,"T-30-4",1,"Plant 12 T-30-4",1,8,7
"Plant 13",0.125,"T-30-4",1,"Plant 13 T-30-4",1,8,7
"Plant 13",0,"T-30-4",1,"Plant 13 T-30-4",0,8,8
"Plant 13",0,"T-30-4",1,"Plant 13 T-30-4",0,8,8
"Plant 13",0,"T-30-4",1,"Plant 13 T-30-4",0,8,8
"Plant 13",0.125,"T-30-4",1,"Plant 13 T-30-4",1,8,7
"Plant 13",0.5,"T-30-4",1,"Plant 13 T-30-4",4,8,4
"Plant 13",0,"T-30-4",1,"Plant 13 T-30-4",0,8,8
"Plant 13",0.125,"T-30-4",1,"Plant 13 T-30-4",1,8,7
"Plant 14",0.375,"T-30-4",1,"Plant 14 T-30-4",3,8,5
"Plant 14",0.375,"T-30-4",1,"Plant 14 T-30-4",3,8,5
"Plant 14",0.375,"T-30-4",1,"Plant 14 T-30-4",3,8,5
"Plant 14",0,"T-30-4",1,"Plant 14 T-30-4",0,8,8
"Plant 14",0,"T-30-4",1,"Plant 14 T-30-4",0,8,8
"Plant 14",0.375,"T-30-4",1,"Plant 14 T-30-4",3,8,5
"Plant 14",0.375,"T-30-4",1,"Plant 14 T-30-4",3,8,5
"Plant 14",0.5,"T-30-4",1,"Plant 14 T-30-4",4,8,4
"Plant 02",0.125,"T-30-4",2,"Plant 02 T-30-4",1,8,7
"Plant 02",0.125,"T-30-4",2,"Plant 02 T-30-4",1,8,7
"Plant 02",0,"T-30-4",2,"Plant 02 T-30-4",0,8,8
"Plant 02",0,"T-30-4",2,"Plant 02 T-30-4",0,8,8
"Plant 02",0,"T-30-4",2,"Plant 02 T-30-4",0,8,8
"Plant 02",0,"T-30-4",2,"Plant 02 T-30-4",0,8,8
"Plant 02",0,"T-30-4",2,"Plant 02 T-30-4",0,8,8
"Plant 02",0,"T-30-4",2,"Plant 02 T-30-4",0,8,8
"Plant 03",0.125,"T-30-4",2,"Plant 03 T-30-4",1,8,7
"Plant 03",0.25,"T-30-4",2,"Plant 03 T-30-4",2,8,6
"Plant 03",0,"T-30-4",2,"Plant 03 T-30-4",0,8,8
"Plant 03",0,"T-30-4",2,"Plant 03 T-30-4",0,8,8
"Plant 03",0,"T-30-4",2,"Plant 03 T-30-4",0,8,8
"Plant 03",0,"T-30-4",2,"Plant 03 T-30-4",0,8,8
"Plant 03",0,"T-30-4",2,"Plant 03 T-30-4",0,8,8
"Plant 03",0,"T-30-4",2,"Plant 03 T-30-4",0,8,8
"Plant 05",0.125,"T-30-4",2,"Plant 05 T-30-4",1,8,7
"Plant 05",0.25,"T-30-4",2,"Plant 05 T-30-4",2,8,6
"Plant 05",0.125,"T-30-4",2,"Plant 05 T-30-4",1,8,7
"Plant 05",0.25,"T-30-4",2,"Plant 05 T-30-4",2,8,6
"Plant 05",0,"T-30-4",2,"Plant 05 T-30-4",0,8,8
"Plant 05",0.25,"T-30-4",2,"Plant 05 T-30-4",2,8,6
"Plant 05",0,"T-30-4",2,"Plant 05 T-30-4",0,8,8
"Plant 05",0,"T-30-4",2,"Plant 05 T-30-4",0,8,8
"Plant 07",0,"T-30-4",2,"Plant 07 T-30-4",0,8,8
"Plant 07",0.125,"T-30-4",2,"Plant 07 T-30-4",1,8,7
"Plant 07",0,"T-30-4",2,"Plant 07 T-30-4",0,8,8
"Plant 07",0,"T-30-4",2,"Plant 07 T-30-4",0,8,8
"Plant 07",0,"T-30-4",2,"Plant 07 T-30-4",0,8,8
"Plant 07",0,"T-30-4",2,"Plant 07 T-30-4",0,8,8
"Plant 07",0,"T-30-4",2,"Plant 07 T-30-4",0,8,8
"Plant 07",0,"T-30-4",2,"Plant 07 T-30-4",0,8,8
"Plant 10",0.25,"T-30-4",2,"Plant 10 T-30-4",2,8,6
"Plant 10",0.125,"T-30-4",2,"Plant 10 T-30-4",1,8,7
"Plant 10",0.125,"T-30-4",2,"Plant 10 T-30-4",1,8,7
"Plant 10",0.25,"T-30-4",2,"Plant 10 T-30-4",2,8,6
"Plant 10",0,"T-30-4",2,"Plant 10 T-30-4",0,8,8
"Plant 10",0,"T-30-4",2,"Plant 10 T-30-4",0,8,8
"Plant 10",0,"T-30-4",2,"Plant 10 T-30-4",0,8,8
"Plant 10",0,"T-30-4",2,"Plant 10 T-30-4",0,8,8
"Plant 11",0.375,"T-30-4",2,"Plant 11 T-30-4",3,8,5
"Plant 11",0.375,"T-30-4",2,"Plant 11 T-30-4",3,8,5
"Plant 11",0.125,"T-30-4",2,"Plant 11 T-30-4",1,8,7
"Plant 11",0,"T-30-4",2,"Plant 11 T-30-4",0,8,8
"Plant 11",0,"T-30-4",2,"Plant 11 T-30-4",0,8,8
"Plant 11",0,"T-30-4",2,"Plant 11 T-30-4",0,8,8
"Plant 11",0,"T-30-4",2,"Plant 11 T-30-4",0,8,8
"Plant 11",0,"T-30-4",2,"Plant 11 T-30-4",0,8,8
"Plant 12",0.375,"T-30-4",2,"Plant 12 T-30-4",3,8,5
"Plant 12",0.25,"T-30-4",2,"Plant 12 T-30-4",2,8,6
"Plant 12",0.125,"T-30-4",2,"Plant 12 T-30-4",1,8,7
"Plant 12",0,"T-30-4",2,"Plant 12 T-30-4",0,8,8
"Plant 12",0,"T-30-4",2,"Plant 12 T-30-4",0,8,8
"Plant 12",0,"T-30-4",2,"Plant 12 T-30-4",0,8,8
"Plant 12",0,"T-30-4",2,"Plant 12 T-30-4",0,8,8
"Plant 12",0,"T-30-4",2,"Plant 12 T-30-4",0,8,8
"Plant 13",0.375,"T-30-4",2,"Plant 13 T-30-4",3,8,5
"Plant 13",0.25,"T-30-4",2,"Plant 13 T-30-4",2,8,6
"Plant 13",0.125,"T-30-4",2,"Plant 13 T-30-4",1,8,7
"Plant 13",0.125,"T-30-4",2,"Plant 13 T-30-4",1,8,7
"Plant 13",0,"T-30-4",2,"Plant 13 T-30-4",0,8,8
"Plant 13",0,"T-30-4",2,"Plant 13 T-30-4",0,8,8
"Plant 13",0,"T-30-4",2,"Plant 13 T-30-4",0,8,8
"Plant 13",0,"T-30-4",2,"Plant 13 T-30-4",0,8,8
"Plant 14",0.125,"T-30-4",2,"Plant 14 T-30-4",1,8,7
"Plant 14",0.25,"T-30-4",2,"Plant 14 T-30-4",2,8,6
"Plant 14",0.5,"T-30-4",2,"Plant 14 T-30-4",4,8,4
"Plant 14",0.125,"T-30-4",2,"Plant 14 T-30-4",1,8,7
"Plant 14",0.125,"T-30-4",2,"Plant 14 T-30-4",1,8,7
"Plant 14",0.125,"T-30-4",2,"Plant 14 T-30-4",1,8,7
"Plant 14",0,"T-30-4",2,"Plant 14 T-30-4",0,8,8
"Plant 14",0,"T-30-4",2,"Plant 14 T-30-4",0,8,8
"Plant 02",0,"T-30-4",3,"Plant 02 T-30-4",0,8,8
"Plant 02",0,"T-30-4",3,"Plant 02 T-30-4",0,8,8
"Plant 02",0,"T-30-4",3,"Plant 02 T-30-4",0,8,8
"Plant 02",0.125,"T-30-4",3,"Plant 02 T-30-4",1,8,7
"Plant 02",0.125,"T-30-4",3,"Plant 02 T-30-4",1,8,7
"Plant 02",0.125,"T-30-4",3,"Plant 02 T-30-4",1,8,7
"Plant 02",0,"T-30-4",3,"Plant 02 T-30-4",0,8,8
"Plant 03",0,"T-30-4",3,"Plant 03 T-30-4",0,8,8
"Plant 03",0,"T-30-4",3,"Plant 03 T-30-4",0,8,8
"Plant 03",0.125,"T-30-4",3,"Plant 03 T-30-4",1,8,7
"Plant 03",0.125,"T-30-4",3,"Plant 03 T-30-4",1,8,7
"Plant 03",0,"T-30-4",3,"Plant 03 T-30-4",0,8,8
"Plant 03",0,"T-30-4",3,"Plant 03 T-30-4",0,8,8
"Plant 03",0.125,"T-30-4",3,"Plant 03 T-30-4",1,8,7
"Plant 03",0,"T-30-4",3,"Plant 03 T-30-4",0,8,8
"Plant 05",0,"T-30-4",3,"Plant 05 T-30-4",0,8,8
"Plant 05",0,"T-30-4",3,"Plant 05 T-30-4",0,8,8
"Plant 05",0,"T-30-4",3,"Plant 05 T-30-4",0,8,8
"Plant 05",0,"T-30-4",3,"Plant 05 T-30-4",0,8,8
"Plant 05",0.125,"T-30-4",3,"Plant 05 T-30-4",1,8,7
"Plant 05",0,"T-30-4",3,"Plant 05 T-30-4",0,8,8
"Plant 07",0.125,"T-30-4",3,"Plant 07 T-30-4",1,8,7
"Plant 07",0.125,"T-30-4",3,"Plant 07 T-30-4",1,8,7
"Plant 07",0,"T-30-4",3,"Plant 07 T-30-4",0,8,8
"Plant 07",0,"T-30-4",3,"Plant 07 T-30-4",0,8,8
"Plant 07",0,"T-30-4",3,"Plant 07 T-30-4",0,8,8
"Plant 07",0,"T-30-4",3,"Plant 07 T-30-4",0,8,8
"Plant 07",0,"T-30-4",3,"Plant 07 T-30-4",0,8,8
"Plant 07",0.125,"T-30-4",3,"Plant 07 T-30-4",1,8,7
"Plant 10",0.375,"T-30-4",3,"Plant 10 T-30-4",3,8,5
"Plant 10",0.375,"T-30-4",3,"Plant 10 T-30-4",3,8,5
"Plant 10",0.375,"T-30-4",3,"Plant 10 T-30-4",3,8,5
"Plant 10",0.375,"T-30-4",3,"Plant 10 T-30-4",3,8,5
"Plant 10",0.25,"T-30-4",3,"Plant 10 T-30-4",2,8,6
"Plant 11",0,"T-30-4",3,"Plant 11 T-30-4",0,8,8
"Plant 11",0,"T-30-4",3,"Plant 11 T-30-4",0,8,8
"Plant 11",0,"T-30-4",3,"Plant 11 T-30-4",0,8,8
"Plant 11",0,"T-30-4",3,"Plant 11 T-30-4",0,8,8
"Plant 11",0,"T-30-4",3,"Plant 11 T-30-4",0,8,8
"Plant 11",0,"T-30-4",3,"Plant 11 T-30-4",0,8,8
"Plant 11",0,"T-30-4",3,"Plant 11 T-30-4",0,8,8
"Plant 11",0,"T-30-4",3,"Plant 11 T-30-4",0,8,8
"Plant 12",0.125,"T-30-4",3,"Plant 12 T-30-4",1,8,7
"Plant 12",0,"T-30-4",3,"Plant 12 T-30-4",0,8,8
"Plant 12",0,"T-30-4",3,"Plant 12 T-30-4",0,8,8
"Plant 12",0.25,"T-30-4",3,"Plant 12 T-30-4",2,8,6
"Plant 12",0.375,"T-30-4",3,"Plant 12 T-30-4",3,8,5
"Plant 12",0,"T-30-4",3,"Plant 12 T-30-4",0,8,8
"Plant 12",0.125,"T-30-4",3,"Plant 12 T-30-4",1,8,7
"Plant 13",0,"T-30-4",3,"Plant 13 T-30-4",0,8,8
"Plant 13",0,"T-30-4",3,"Plant 13 T-30-4",0,8,8
"Plant 13",0.125,"T-30-4",3,"Plant 13 T-30-4",1,8,7
"Plant 13",0.125,"T-30-4",3,"Plant 13 T-30-4",1,8,7
"Plant 13",0.375,"T-30-4",3,"Plant 13 T-30-4",3,8,5
"Plant 13",0.125,"T-30-4",3,"Plant 13 T-30-4",1,8,7
"Plant 13",0,"T-30-4",3,"Plant 13 T-30-4",0,8,8
"Plant 13",0.125,"T-30-4",3,"Plant 13 T-30-4",1,8,7
"Plant 14",0.25,"T-30-4",3,"Plant 14 T-30-4",2,8,6
"Plant 14",0,"T-30-4",3,"Plant 14 T-30-4",0,8,8
"Plant 14",0,"T-30-4",3,"Plant 14 T-30-4",0,8,8
"Plant 14",0.25,"T-30-4",3,"Plant 14 T-30-4",2,8,6
"Plant 14",0.125,"T-30-4",3,"Plant 14 T-30-4",1,8,7
"Plant 14",0.125,"T-30-4",3,"Plant 14 T-30-4",1,8,7
"Plant 14",0,"T-30-4",3,"Plant 14 T-30-4",0,8,8
